rank,name,number,female,website
1,SOPHIA,3683,1,http://www.avss.ucsb.edu/NameFema.HTM
2,ISABELLA,3136,1,
3,EMMA,2482,1,
4,EMILY,2455,1,
5,MIA,2352,1,
6,OLIVIA,1932,1,
7,SOFIA,1715,1,
8,ABIGAIL,1657,1,
9,SAMANTHA,1475,1,
10,AVA,1447,1,
11,CAMILA,1419,1,
12,VICTORIA,1316,1,
13,NATALIE,1302,1,
14,CHLOE,1108,1,
15,ELIZABETH,1108,1,
16,EVELYN,1042,1,
17,GENESIS,1039,1,
18,MADISON,1010,1,
19,ZOE,1010,1,
20,ASHLEY,1006,1,
21,CHARLOTTE,921,1,
22,HAILEY,916,1,
23,MELANIE,893,1,
24,AUDREY,875,1,
25,ALEXA,864,1,
26,KIMBERLY,861,1,
27,ALYSSA,857,1,
28,ALLISON,843,1,
29,ZOEY,831,1,
30,AUBREY,830,1,
31,ELLA,830,1,
32,GRACE,822,1,
33,LILY,793,1,
34,BELLA,777,1,
35,KAYLEE,765,1,
36,ANDREA,761,1,
37,LEAH,758,1,
38,AALIYAH,746,1,
39,BRIANNA,746,1,
40,HANNAH,746,1,
41,SCARLETT,724,1,
42,AVERY,714,1,
43,MAYA,712,1,
44,JOCELYN,704,1,
45,BROOKLYN,685,1,
46,VALERIA,679,1,
47,ARIANNA,675,1,
48,KAYLA,670,1,
49,JASMINE,655,1,
50,ARIANA,642,1,
51,AMELIA,638,1,
52,LAYLA,626,1,
53,DELILAH,624,1,
54,KATHERINE,618,1,
55,VANESSA,618,1,
56,ALEXIS,611,1,
57,SAVANNAH,605,1,
58,VALERIE,592,1,
59,SOPHIE,588,1,
60,SARAH,587,1,
61,NATALIA,579,1,
62,GIANNA,574,1,
63,AMY,559,1,
64,MARIA,559,1,
65,RUBY,557,1,
66,GISELLE,554,1,
67,VIOLET,545,1,
68,NICOLE,542,1,
69,ALEXANDRA,536,1,
70,ANGELINA,535,1,
71,NEVAEH,535,1,
72,ADDISON,532,1,
73,STELLA,518,1,
74,MILA,516,1,
75,CLAIRE,513,1,
76,NAOMI,510,1,
77,MELISSA,507,1,
78,EVA,506,1,
79,JADE,504,1,
80,RILEY,489,1,
81,KYLIE,488,1,
82,JESSICA,486,1,
83,KHLOE,485,1,
84,DESTINY,466,1,
85,LILIANA,466,1,
86,FAITH,462,1,
87,ISABEL,461,1,
88,ARIA,457,1,
89,GABRIELLA,457,1,
90,DAISY,453,1,
91,MICHELLE,451,1,
92,JULIA,441,1,
93,STEPHANIE,439,1,
94,XIMENA,438,1,
95,HARPER,429,1,
96,MELODY,427,1,
97,VALENTINA,422,1,
98,JENNIFER,421,1,
99,LILLIAN,420,1,
100,ANGELA,419,1,
101,TAYLOR,413,1,
102,ELLIE,404,1,
103,MAKAYLA,402,1,
104,DANIELA,390,1,
105,LEILANI,389,1,
106,ANNA,387,1,
107,ALICE,383,1,
108,MADELINE,382,1,
109,SERENITY,381,1,
110,LAUREN,380,1,
111,PENELOPE,372,1,
112,SYDNEY,369,1,
113,JULIANA,361,1,
114,ELENA,360,1,
115,JACQUELINE,359,1,
116,YARETZI,359,1,
117,AUBREE,356,1,
118,KAITLYN,352,1,
119,LUNA,350,1,
120,ALIYAH,343,1,
121,LUCY,341,1,
122,ARIEL,339,1,
123,KATELYN,339,1,
124,ALINA,335,1,
125,ALONDRA,335,1,
126,MADELYN,334,1,
127,BAILEY,332,1,
128,JAYLEEN,328,1,
129,LESLIE,326,1,
130,PEYTON,324,1,
131,ELIANA,323,1,
132,MARIAH,319,1,
133,DIANA,315,1,
134,ANNABELLE,306,1,
135,ATHENA,305,1,
136,ESMERALDA,303,1,
137,ISABELLE,303,1,
138,MACKENZIE,299,1,
139,BROOKE,295,1,
140,PAIGE,292,1,
141,ADRIANA,290,1,
142,GUADALUPE,288,1,
143,JULIANNA,282,1,
144,IZABELLA,280,1,
145,KENNEDY,279,1,
146,SARA,278,1,
147,GABRIELA,275,1,
148,VIVIAN,275,1,
149,LEILA,274,1,
150,SADIE,273,1,
151,AUTUMN,272,1,
152,ALEXIA,271,1,
153,ALICIA,266,1,
154,HAZEL,266,1,
155,MIRANDA,265,1,
156,RACHEL,265,1,
157,SIENNA,265,1,
158,ELISE,264,1,
159,ANA,261,1,
160,AURORA,261,1,
161,BRIELLE,261,1,
162,LILLY,258,1,
163,ALLYSON,251,1,
164,IRIS,250,1,
165,REBECCA,249,1,
166,MYA,248,1,
167,TRINITY,247,1,
168,REAGAN,245,1,
169,LONDON,244,1,
170,JULIET,243,1,
171,AMBER,242,1,
172,ELISA,242,1,
173,MOLLY,240,1,
174,LUCIA,238,1,
175,FATIMA,236,1,
176,ITZEL,236,1,
177,MEGAN,236,1,
178,JAZMIN,233,1,
179,CATHERINE,230,1,
180,AILEEN,228,1,
181,AMANDA,227,1,
182,FERNANDA,226,1,
183,KAMILA,224,1,
184,KEIRA,223,1,
185,MARILYN,223,1,
186,AMAYA,222,1,
187,JULISSA,222,1,
188,LYLA,222,1,
189,CHELSEA,221,1,
190,RYLEE,220,1,
191,NAYELI,219,1,
192,IVY,217,1,
193,KATIE,217,1,
194,ALEJANDRA,216,1,
195,LAILA,216,1,
196,JORDYN,215,1,
197,KATE,215,1,
198,MORGAN,215,1,
199,ALESSANDRA,214,1,
200,ANGELIQUE,213,1,
201,ALANA,212,1,
202,REESE,212,1,
203,MARIANA,211,1,
204,SUMMER,210,1,
205,CAROLINE,209,1,
206,ELEANOR,208,1,
207,BRIANA,207,1,
208,KARINA,206,1,
209,AUDRINA,205,1,
210,TIFFANY,205,1,
211,JULIETTE,204,1,
212,MARY,204,1,
213,SKYLAR,204,1,
214,BROOKLYNN,203,1,
215,DANIELLA,203,1,
216,BIANCA,202,1,
217,CALI,201,1,
218,PAISLEY,199,1,
219,EDEN,198,1,
220,JOSEPHINE,198,1,
221,PRISCILLA,198,1,
222,SIERRA,198,1,
223,PERLA,197,1,
224,KARLA,196,1,
225,ALISON,195,1,
226,ANGELICA,194,1,
227,CRYSTAL,194,1,
228,JAYLENE,193,1,
229,FIONA,192,1,
230,MIKAYLA,191,1,
231,ROSE,191,1,
232,CAMILLE,190,1,
233,GENEVIEVE,190,1,
234,QUINN,190,1,
235,CYNTHIA,188,1,
236,PAYTON,188,1,
237,KENDALL,187,1,
238,CLARA,186,1,
239,KAREN,186,1,
240,APRIL,185,1,
241,JIMENA,185,1,
242,DANIELLE,184,1,
243,JAZMINE,184,1,
244,JOANNA,183,1,
245,SABRINA,182,1,
246,JANELLE,181,1,
247,SARAI,180,1,
248,JAYLAH,179,1,
249,EVANGELINE,178,1,
250,JAYLA,178,1,
251,ISLA,177,1,
252,EMILIA,175,1,
253,PIPER,173,1,
254,CELESTE,171,1,
255,EMELY,170,1,
256,KELLY,170,1,
257,MADELEINE,170,1,
258,ANGEL,169,1,
259,CHRISTINA,169,1,
260,HAYDEN,169,1,
261,SELENA,169,1,
262,LYDIA,167,1,
263,KYLEE,166,1,
264,VIVIANA,166,1,
265,VIVIENNE,166,1,
266,GIA,165,1,
267,LOLA,163,1,
268,PRESLEY,163,1,
269,JAZLYN,162,1,
270,MARLEY,162,1,
271,ADELINE,161,1,
272,JULIE,161,1,
273,PHOEBE,161,1,
274,CAMILLA,160,1,
275,CORA,160,1,
276,HALEY,160,1,
277,GIULIANA,159,1,
278,KAILEY,159,1,
279,DANNA,158,1,
280,MELANY,158,1,
281,CASSANDRA,156,1,
282,GABRIELLE,156,1,
283,MALIA,155,1,
284,MARISSA,155,1,
285,CECILIA,154,1,
286,HEIDI,154,1,
287,JENNA,154,1,
288,AYLIN,152,1,
289,DAHLIA,151,1,
290,LILA,151,1,
291,ANGIE,149,1,
292,KIARA,149,1,
293,GEMMA,148,1,
294,ALEXANDRIA,147,1,
295,ANAHI,147,1,
296,ARABELLA,147,1,
297,CASSIDY,147,1,
298,DAYANA,146,1,
299,BRENDA,145,1,
300,NINA,145,1,
301,LIZBETH,143,1,
302,ANNABELLA,142,1,
303,ELIZA,142,1,
304,KIRA,142,1,
305,JORDAN,141,1,
306,OLIVE,140,1,
307,SIENA,139,1,
308,ABBY,138,1,
309,BRITTANY,138,1,
310,NORA,138,1,
311,DULCE,137,1,
312,LILAH,137,1,
313,VERONICA,137,1,
314,ASHLYN,136,1,
315,CLARISSA,136,1,
316,ESTHER,136,1,
317,JASMIN,136,1,
318,NATHALIE,136,1,
319,CAROLINA,135,1,
320,DENISE,134,1,
321,LEXI,134,1,
322,MONICA,134,1,
323,CARMEN,133,1,
324,KASSANDRA,133,1,
325,SERENA,133,1,
326,SHELBY,133,1,
327,ALEENA,132,1,
328,EMERY,132,1,
329,HELEN,132,1,
330,LIA,132,1,
331,GRACIE,131,1,
332,PAOLA,131,1,
333,KENIA,129,1,
334,NOEMI,129,1,
335,ANNIE,128,1,
336,HARMONY,127,1,
337,LILLIANA,125,1,
338,NADIA,125,1,
339,MILEY,124,1,
340,DAPHNE,123,1,
341,HOPE,123,1,
342,YARELI,123,1,
343,CATALEYA,122,1,
344,ANABELLE,121,1,
345,ARIELLE,121,1,
346,BETHANY,121,1,
347,CATALINA,121,1,
348,DESIREE,121,1,
349,HANNA,121,1,
350,ESTRELLA,120,1,
351,LAURA,120,1,
352,NATALY,120,1,
353,ARELY,119,1,
354,IRENE,119,1,
355,JAMIE,119,1,
356,MAKENZIE,119,1,
357,ADRIANNA,118,1,
358,BREANNA,118,1,
359,ELOISE,118,1,
360,WILLOW,118,1,
361,AYLA,117,1,
362,AYLEEN,117,1,
363,ERIN,117,1,
364,JANE,117,1,
365,KAYLIE,117,1,
366,GALILEA,116,1,
367,NOELLE,116,1,
368,MIAH,115,1,
369,SASHA,115,1,
370,CARLY,114,1,
371,MELINA,114,1,
372,TATIANA,114,1,
373,DELANEY,113,1,
374,MCKENZIE,113,1,
375,CHARLIE,112,1,
376,MARISOL,112,1,
377,SCARLET,112,1,
378,ALAINA,110,1,
379,JESSIE,110,1,
380,KARA,110,1,
381,ALLIE,109,1,
382,ANIYAH,109,1,
383,ELLE,109,1,
384,JOSELYN,109,1,
385,KALI,109,1,
386,KENYA,109,1,
387,MARGARET,108,1,
388,RUTH,108,1,
389,SHERLYN,108,1,
390,CAITLYN,107,1,
391,ALYSON,106,1,
392,TESSA,105,1,
393,ARYA,104,1,
394,BELEN,104,1,
395,LITZY,104,1,
396,TERESA,104,1,
397,DAKOTA,103,1,
398,DANICA,103,1,
399,MIKAELA,103,1,
400,ADELYN,102,1,
401,HEAVEN,102,1,
402,ISIS,102,1,
403,JANESSA,102,1,
404,NATASHA,102,1,
405,ANYA,101,1,
406,ERIKA,101,1,
407,JOHANNA,101,1,
408,AMELIE,100,1,
409,ANABELLA,100,1,
410,ANAYA,100,1,
411,ELLIANA,100,1,
412,JAYDEN,100,1,
413,LANA,100,1,
414,MIRIAM,100,1,
415,KENZIE,99,1,
416,DYLAN,98,1,
417,KYLA,98,1,
418,MADILYN,98,1,
419,NANCY,98,1,
420,ROSALIE,98,1,
421,ANGELINE,97,1,
422,DANA,97,1,
423,EMERSON,97,1,
424,GLORIA,97,1,
425,JUNE,97,1,
426,LINDA,97,1,
427,REGINA,97,1,
428,BRYNN,96,1,
429,TALIA,96,1,
430,WENDY,96,1,
431,AMERICA,95,1,
432,ASHLYNN,95,1,
433,CADENCE,95,1,
434,CALLIE,95,1,
435,HADLEY,95,1,
436,HAYLEY,95,1,
437,LONDYN,95,1,
438,MALIYAH,95,1,
439,AIMEE,94,1,
440,RENATA,94,1,
441,TEAGAN,94,1,
442,ADELE,93,1,
443,CHRISTINE,93,1,
444,JULIETA,93,1,
445,GEORGIA,92,1,
446,MARINA,92,1,
447,ANASTASIA,91,1,
448,DARLENE,91,1,
449,EILEEN,91,1,
450,GISSELLE,91,1,
451,JILLIAN,91,1,
452,LILIAN,91,1,
453,ROSA,91,1,
454,CAITLIN,90,1,
455,CINDY,90,1,
456,IVANNA,90,1,
457,JADA,90,1,
458,KAYDENCE,90,1,
459,LESLY,90,1,
460,RYLIE,90,1,
461,ABRIL,89,1,
462,COLETTE,89,1,
463,MYLA,89,1,
464,PARKER,89,1,
465,ADALYNN,88,1,
466,KENDRA,88,1,
467,LUZ,88,1,
468,NORAH,88,1,
469,RAQUEL,88,1,
470,SAGE,88,1,
471,AUBRIE,87,1,
472,KAIA,87,1,
473,KATELYNN,87,1,
474,LEIA,87,1,
475,NIA,87,1,
476,PAULA,87,1,
477,SANDRA,87,1,
478,ADALYN,86,1,
479,ALEAH,86,1,
480,DALILAH,86,1,
481,HELENA,86,1,
482,MAKENNA,86,1,
483,PALOMA,86,1,
484,PAULINA,86,1,
485,REYNA,86,1,
486,TATUM,86,1,
487,BRISA,85,1,
488,HAYLEE,85,1,
489,HOLLY,85,1,
490,ADELAIDE,84,1,
491,ALANI,84,1,
492,KATHRYN,84,1,
493,ANNIKA,83,1,
494,CARLA,83,1,
495,JOSIE,83,1,
496,JOY,83,1,
497,MARITZA,83,1,
498,PARIS,83,1,
499,ANIKA,82,1,
500,BRIDGET,82,1,
501,CHARLIZE,82,1,
502,ILIANA,82,1,
503,KELSEY,82,1,
504,KIANA,82,1,
505,LEXIE,82,1,
506,LIANA,82,1,
507,BRIELLA,81,1,
508,ISABELA,81,1,
509,JAELYN,81,1,
510,PATRICIA,81,1,
511,FRANCESCA,80,1,
512,HARLOW,80,1,
513,KAYLIN,80,1,
514,LEA,80,1,
515,SAVANNA,80,1,
516,YASMIN,80,1,
517,YESENIA,80,1,
518,ZARA,80,1,
519,ANNABEL,79,1,
520,JENNY,79,1,
521,MADDISON,79,1,
522,MARLENE,79,1,
523,MCKENNA,79,1,
524,MONSERRAT,79,1,
525,ARYANNA,78,1,
526,KAYLEEN,78,1,
527,LILIANNA,78,1,
528,NYLA,78,1,
529,SAMARA,78,1,
530,ALAYNA,77,1,
531,ELSIE,77,1,
532,MAGGIE,77,1,
533,NATHALY,77,1,
534,ROSEMARY,77,1,
535,CHANEL,76,1,
536,LUCILLE,76,1,
537,RAEGAN,76,1,
538,SARAHI,76,1,
539,CAMRYN,75,1,
540,JAQUELINE,75,1,
541,REBEKAH,75,1,
542,SELAH,75,1,
543,TIANA,75,1,
544,ADDYSON,74,1,
545,ERICA,74,1,
546,GIANA,74,1,
547,JUDITH,74,1,
548,KAELYN,74,1,
549,LEANNA,74,1,
550,LENA,74,1,
551,ADELINA,73,1,
552,ELAINE,73,1,
553,MICHAELA,73,1,
554,BRYANNA,72,1,
555,ELYSE,72,1,
556,FINLEY,72,1,
557,JAZLYNN,72,1,
558,KASSIDY,72,1,
559,KRISTINA,72,1,
560,KYRA,72,1,
561,LILYANA,72,1,
562,LUCIANA,72,1,
563,SONIA,72,1,
564,ALIANA,71,1,
565,CELINE,71,1,
566,DARLA,71,1,
567,HAVEN,71,1,
568,MADELYNN,71,1,
569,SKYE,71,1,
570,ALIVIA,70,1,
571,CHEYENNE,70,1,
572,KEYLA,70,1,
573,KRISTEN,70,1,
574,PEARL,70,1,
575,SLOANE,70,1,
576,STACY,70,1,
577,ADELYNN,69,1,
578,DALIA,69,1,
579,GWENDOLYN,69,1,
580,RAELYNN,69,1,
581,SHARON,69,1,
582,SKYLER,69,1,
583,YAMILETH,69,1,
584,ELISSA,68,1,
585,GERALDINE,68,1,
586,JANET,68,1,
587,LYRIC,68,1,
588,MARIE,68,1,
589,MONTSERRAT,68,1,
590,VIOLETA,68,1,
591,ALISSON,67,1,
592,BAYLEE,67,1,
593,GRECIA,67,1,
594,ROSELYN,67,1,
595,SIMONE,67,1,
596,CLAUDIA,66,1,
597,CRISTINA,66,1,
598,ELAINA,66,1,
599,HANA,66,1,
600,JAYDA,66,1,
601,LEYLA,66,1,
602,MAIA,66,1,
603,MAKENA,66,1,
604,CAMBRIA,65,1,
605,AMIYAH,64,1,
606,ELIANNA,64,1,
607,ELSA,64,1,
608,JOURNEY,64,1,
609,LISA,64,1,
610,SHAYLA,64,1,
611,ALMA,63,1,
612,LYLAH,63,1,
613,MAITE,63,1,
614,THALIA,63,1,
615,AVERIE,62,1,
616,BELINDA,62,1,
617,CARISSA,62,1,
618,EMILEE,62,1,
619,EVIE,62,1,
620,KEILY,62,1,
621,LINA,62,1,
622,NYLAH,62,1,
623,SHILOH,62,1,
624,XOCHITL,62,1,
625,ALIYA,61,1,
626,EVE,61,1,
627,FARRAH,61,1,
628,FRIDA,61,1,
629,JAYDE,61,1,
630,KINSLEY,61,1,
631,MARTHA,61,1,
632,RYLEIGH,61,1,
633,SARIAH,61,1,
634,ALANNA,60,1,
635,ALLY,60,1,
636,AZUL,60,1,
637,HARLEY,60,1,
638,JAELYNN,60,1,
639,KILEY,60,1,
640,MADALYN,60,1,
641,RYAN,60,1,
642,VALERY,60,1,
643,YARETZY,60,1,
644,YARITZA,60,1,
645,YULIANA,60,1,
646,CORALINE,59,1,
647,EMILIE,59,1,
648,JOYCE,59,1,
649,KAMILAH,59,1,
650,KAMRYN,59,1,
651,MACI,59,1,
652,MINA,59,1,
653,ADILENE,58,1,
654,EDITH,58,1,
655,LAYLAH,58,1,
656,MACIE,58,1,
657,MILAGROS,58,1,
658,SCARLETTE,58,1,
659,SYLVIA,58,1,
660,AIYANA,57,1,
661,ALISSA,57,1,
662,AMARA,57,1,
663,EVELYNN,57,1,
664,KATHLEEN,57,1,
665,KAYA,57,1,
666,LARISSA,57,1,
667,LINDSEY,57,1,
668,MACY,57,1,
669,ABBIE,56,1,
670,ADA,56,1,
671,AILYN,56,1,
672,BRITNEY,56,1,
673,COURTNEY,56,1,
674,ELLEN,56,1,
675,ESPERANZA,56,1,
676,JASLENE,56,1,
677,JAYLIN,56,1,
678,KAILANI,56,1,
679,KAILYN,56,1,
680,KINLEY,56,1,
681,PHOENIX,56,1,
682,ROXANNE,56,1,
683,VERA,56,1,
684,VIENNA,56,1,
685,ARACELI,55,1,
686,DANIKA,55,1,
687,ITZAYANA,55,1,
688,JACQUELYN,55,1,
689,KAYDEN,55,1,
690,LIZETH,55,1,
691,MAXINE,55,1,
692,RUBI,55,1,
693,XIOMARA,55,1,
694,ALIA,54,1,
695,ALIAH,54,1,
696,ARLENE,54,1,
697,AZALEA,54,1,
698,CHARLEE,54,1,
699,JOLIE,54,1,
700,KRYSTAL,54,1,
701,MARIAM,54,1,
702,MARIELA,54,1,
703,AISHA,53,1,
704,ANABEL,53,1,
705,ARIELLA,53,1,
706,ARYANA,53,1,
707,EMMALYN,53,1,
708,EVANGELINA,53,1,
709,JAZZLYN,53,1,
710,LINDSAY,53,1,
711,LORELEI,53,1,
712,LUPITA,53,1,
713,MARYAM,53,1,
714,MATILDA,53,1,
715,NATHALIA,53,1,
716,SOLEIL,53,1,
717,TANIA,53,1,
718,YARELY,53,1,
719,ALENA,52,1,
720,ARELI,52,1,
721,DONNA,52,1,
722,LEILAH,52,1,
723,NOVA,52,1,
724,REBECA,52,1,
725,SHAILA,52,1,
726,YAZMIN,52,1,
727,ANAIS,51,1,
728,ANNALISE,51,1,
729,CAMERON,51,1,
730,IMANI,51,1,
731,JOCELYNN,51,1,
732,LUCERO,51,1,
733,YVETTE,51,1,
734,ANNE,50,1,
735,BEATRICE,50,1,
736,CITLALI,50,1,
737,HEIDY,50,1,
738,JOLENE,50,1,
739,KAYLEIGH,50,1,
740,LILIA,50,1,
741,MAYRA,50,1,
742,MICAELA,50,1,
743,ROSIE,50,1,
744,SELENE,50,1,
745,AINSLEY,49,1,
746,ANALIA,49,1,
747,BRAELYN,49,1,
748,CLEMENTINE,49,1,
749,CRISTAL,49,1,
750,DANIA,49,1,
751,JULIANNE,49,1,
752,MILANIA,49,1,
753,MILENA,49,1,
754,SKYLA,49,1,
755,ABBEY,48,1,
756,ANNETTE,48,1,
757,DAMARIS,48,1,
758,EMBER,48,1,
759,GIZELLE,48,1,
760,IZEL,48,1,
761,KAILEE,48,1,
762,KARISSA,48,1,
763,KEILA,48,1,
764,LAURYN,48,1,
765,LOGAN,48,1,
766,TARA,48,1,
767,YAMILET,48,1,
768,AMIRA,47,1,
769,ASTRID,47,1,
770,CAYLEE,47,1,
771,HAILEE,47,1,
772,INGRID,47,1,
773,KAITLIN,47,1,
774,LARA,47,1,
775,LILLYANA,47,1,
776,MARYJANE,47,1,
777,MILANA,47,1,
778,MIRA,47,1,
779,NOA,47,1,
780,REINA,47,1,
781,RIYA,47,1,
782,SUNNY,47,1,
783,WHITNEY,47,1,
784,JAYLYNN,46,1,
785,KADENCE,46,1,
786,KAITLYNN,46,1,
787,KAIYA,46,1,
788,KATHY,46,1,
789,KIERA,46,1,
790,MARIBEL,46,1,
791,RIVER,46,1,
792,ROWAN,46,1,
793,SAANVI,46,1,
794,SALMA,46,1,
795,XITLALI,46,1,
796,ZARIAH,46,1,
797,AVIANA,45,1,
798,BLAKE,45,1,
799,ESTEFANIA,45,1,
800,ESTELLA,45,1,
801,KAILA,45,1,
802,KALIYAH,45,1,
803,LIANNA,45,1,
804,MALEAH,45,1,
805,MAYTE,45,1,
806,MELINDA,45,1,
807,PAMELA,45,1,
808,SKY,45,1,
809,YADIRA,45,1,
810,YOSELIN,45,1,
811,ADELA,44,1,
812,ADRIENNE,44,1,
813,AMINA,44,1,
814,CHARLEY,44,1,
815,EVELIN,44,1,
816,FRANCES,44,1,
817,JANICE,44,1,
818,MIKA,44,1,
819,MONIQUE,44,1,
820,MYAH,44,1,
821,NATALYA,44,1,
822,AANYA,43,1,
823,ARIANNY,43,1,
824,AUDRIANA,43,1,
825,CARA,43,1,
826,CARINA,43,1,
827,ELINA,43,1,
828,FABIOLA,43,1,
829,JEWEL,43,1,
830,KATALEYA,43,1,
831,KAYLANI,43,1,
832,MADISYN,43,1,
833,MALLORY,43,1,
834,PRINCESS,43,1,
835,RENEE,43,1,
836,RIHANNA,43,1,
837,SUSANA,43,1,
838,VIDA,43,1,
839,ABBYGAIL,42,1,
840,ALANNAH,42,1,
841,ANIYA,42,1,
842,CORAL,42,1,
843,DAYANNA,42,1,
844,ELISABETH,42,1,
845,EUNICE,42,1,
846,GIOVANNA,42,1,
847,KALEA,42,1,
848,KALIA,42,1,
849,LIVIA,42,1,
850,MERCEDES,42,1,
851,MILAN,42,1,
852,SHANNON,42,1,
853,ANANYA,41,1,
854,CAROLYN,41,1,
855,IVANA,41,1,
856,JEMMA,41,1,
857,KEILANI,41,1,
858,MALAYA,41,1,
859,SELINA,41,1,
860,SORAYA,41,1,
861,ADITI,40,1,
862,AMALIA,40,1,
863,ARLETTE,40,1,
864,BERENICE,40,1,
865,ELIN,40,1,
866,EMI,40,1,
867,FRANKIE,40,1,
868,GIADA,40,1,
869,JUSTICE,40,1,
870,KARIS,40,1,
871,KAROL,40,1,
872,KAYLAH,40,1,
873,MADILYNN,40,1,
874,MIRACLE,40,1,
875,SOFIE,40,1,
876,TANYA,40,1,
877,ARACELY,39,1,
878,BAILEE,39,1,
879,BONNIE,39,1,
880,DARIANA,39,1,
881,EMMY,39,1,
882,IVORY,39,1,
883,KAI,39,1,
884,KALLIE,39,1,
885,KAYLEY,39,1,
886,KOURTNEY,39,1,
887,LILLIE,39,1,
888,MARIANNA,39,1,
889,MILLIE,39,1,
890,ROMINA,39,1,
891,SAWYER,39,1,
892,STEPHANY,39,1,
893,TABITHA,39,1,
894,TINA,39,1,
895,ALAYAH,38,1,
896,BARBARA,38,1,
897,CALISTA,38,1,
898,CASEY,38,1,
899,DEBORAH,38,1,
900,EMELIA,38,1,
901,EVALYN,38,1,
902,HAYLIE,38,1,
903,KAIRI,38,1,
904,MCKAYLA,38,1,
905,MIYA,38,1,
906,NAYA,38,1,
907,ROXANNA,38,1,
908,SILVIA,38,1,
909,STACEY,38,1,
910,VIVIANNA,38,1,
911,ZOIE,38,1,
912,ZOOEY,38,1,
913,ABBIGAIL,37,1,
914,ALISA,37,1,
915,DALILA,37,1,
916,DENISSE,37,1,
917,DESTINEE,37,1,
918,DIYA,37,1,
919,FELICITY,37,1,
920,GWEN,37,1,
921,JACKELINE,37,1,
922,JASLYN,37,1,
923,JAYLYN,37,1,
924,LEANNE,37,1,
925,LIZETTE,37,1,
926,MAYLIN,37,1,
927,RAYLENE,37,1,
928,VIANNEY,37,1,
929,WILLA,37,1,
930,YOLANDA,37,1,
931,ADDISYN,36,1,
932,AMERIE,36,1,
933,AMIRAH,36,1,
934,ASHLEE,36,1,
935,AYA,36,1,
936,CHARLENE,36,1,
937,CIARA,36,1,
938,GRACIELA,36,1,
939,HADASSAH,36,1,
940,HILLARY,36,1,
941,JUNIPER,36,1,
942,KAYLEN,36,1,
943,LESLEY,36,1,
944,LILYANNA,36,1,
945,MYRA,36,1,
946,NATALEE,36,1,
947,ROCIO,36,1,
948,SURI,36,1,
949,YAHAIRA,36,1,
950,YVONNE,36,1,
951,AKIRA,35,1,
952,AMARI,35,1,
953,BLANCA,35,1,
954,CELINA,35,1,
955,CHERISH,35,1,
956,DAVINA,35,1,
957,JAYLEE,35,1,
958,KARLY,35,1,
959,KATRINA,35,1,
960,LEILANY,35,1,
961,LEONA,35,1,
962,LIBERTY,35,1,
963,LIV,35,1,
964,LORENA,35,1,
965,RAINA,35,1,
966,RAVEN,35,1,
967,YANELI,35,1,
968,ZURI,35,1,
969,ALISHA,34,1,
970,ASPEN,34,1,
971,CONNIE,34,1,
972,DOROTHY,34,1,
973,FAYE,34,1,
974,HEATHER,34,1,
975,JORDYNN,34,1,
976,KALANI,34,1,
977,LACEY,34,1,
978,LETICIA,34,1,
979,LORELAI,34,1,
980,LUISA,34,1,
981,MADALYNN,34,1,
982,MARISA,34,1,
983,MIREYA,34,1,
984,PAULETTE,34,1,
985,RAELYN,34,1,
986,SARINA,34,1,
987,VIRGINIA,34,1,
988,ZAHRA,34,1,
989,ALANAH,33,1,
990,AMANI,33,1,
991,ANN,33,1,
992,BRIDGETTE,33,1,
993,DEVYN,33,1,
994,FLOR,33,1,
995,HAILIE,33,1,
996,IRIE,33,1,
997,JAYLEN,33,1,
998,JOELLE,33,1,
999,KALEY,33,1,
1000,KATALINA,33,1,
1001,LEELA,33,1,
1002,LEIGHTON,33,1,
1003,LILITH,33,1,
1004,LLUVIA,33,1,
1005,MARGOT,33,1,
1006,RHEA,33,1,
1007,SHREYA,33,1,
1008,SIDNEY,33,1,
1009,VANESA,33,1,
1010,ALIANNA,32,1,
1011,BRISTOL,32,1,
1012,CELIA,32,1,
1013,CIELO,32,1,
1014,DASHA,32,1,
1015,DEMI,32,1,
1016,JASLEEN,32,1,
1017,JOSSELYN,32,1,
1018,KAELYNN,32,1,
1019,LAILAH,32,1,
1020,MAEVE,32,1,
1021,MARLEE,32,1,
1022,MEREDITH,32,1,
1023,MONROE,32,1,
1024,NADINE,32,1,
1025,NOELANI,32,1,
1026,PENNY,32,1,
1027,RACHAEL,32,1,
1028,SALLY,32,1,
1029,SANDY,32,1,
1030,SINAI,32,1,
1031,VIANEY,32,1,
1032,ADRINA,31,1,
1033,ANITA,31,1,
1034,ANNABELL,31,1,
1035,AUBRIELLA,31,1,
1036,AYANA,31,1,
1037,BETSY,31,1,
1038,CANDY,31,1,
1039,CAROL,31,1,
1040,CIENNA,31,1,
1041,EMMALEE,31,1,
1042,GISELE,31,1,
1043,HARLEE,31,1,
1044,ISABELL,31,1,
1045,JISELLE,31,1,
1046,KALINA,31,1,
1047,KAYLYNN,31,1,
1048,LYRA,31,1,
1049,MAGALY,31,1,
1050,RITA,31,1,
1051,RYANN,31,1,
1052,SAHANA,31,1,
1053,WREN,31,1,
1054,YARA,31,1,
1055,ABRIELLE,30,1,
1056,ANISSA,30,1,
1057,ASHA,30,1,
1058,AUDRIANNA,30,1,
1059,DAYANARA,30,1,
1060,ELYSSA,30,1,
1061,ESTELA,30,1,
1062,EVERLY,30,1,
1063,JANA,30,1,
1064,JAYCEE,30,1,
1065,KHALEESI,30,1,
1066,KYLEIGH,30,1,
1067,LAUREL,30,1,
1068,LIDIA,30,1,
1069,LYNETTE,30,1,
1070,MALIAH,30,1,
1071,MORIAH,30,1,
1072,NALA,30,1,
1073,NELLY,30,1,
1074,PRISCILA,30,1,
1075,REGAN,30,1,
1076,SAMIRA,30,1,
1077,STEVIE,30,1,
1078,ALIYANA,29,1,
1079,BLAIR,29,1,
1080,CLARE,29,1,
1081,COCO,29,1,
1082,DIANE,29,1,
1083,ELIA,29,1,
1084,ESTELLE,29,1,
1085,GRACELYN,29,1,
1086,JAZLEEN,29,1,
1087,JENESIS,29,1,
1088,JOSLYN,29,1,
1089,MALAYSIA,29,1,
1090,MARGARITA,29,1,
1091,MIABELLA,29,1,
1092,NOLA,29,1,
1093,NOOR,29,1,
1094,NYAH,29,1,
1095,ROSARIO,29,1,
1096,TORI,29,1,
1097,WINTER,29,1,
1098,ZAINAB,29,1,
1099,ALIZE,28,1,
1100,ANNELISE,28,1,
1101,ARLETH,28,1,
1102,AUDREE,28,1,
1103,AVIANNA,28,1,
1104,BEATRIZ,28,1,
1105,BRISSA,28,1,
1106,BRYNLEE,28,1,
1107,CAILYN,28,1,
1108,CORINNE,28,1,
1109,DEANNA,28,1,
1110,ESME,28,1,
1111,FLORA,28,1,
1112,GRETA,28,1,
1113,HALLE,28,1,
1114,JALIYAH,28,1,
1115,JAZMYN,28,1,
1116,JUSTINE,28,1,
1117,KASEY,28,1,
1118,KIANNA,28,1,
1119,MARIYAH,28,1,
1120,NEVEAH,28,1,
1121,PAITYN,28,1,
1122,ROSALINDA,28,1,
1123,ROXANA,28,1,
1124,SAIGE,28,1,
1125,SUSAN,28,1,
1126,TRACY,28,1,
1127,UNIQUE,28,1,
1128,AILANI,27,1,
1129,AIYANNA,27,1,
1130,ALYNA,27,1,
1131,AMIYA,27,1,
1132,ANAYELI,27,1,
1133,ANTONELLA,27,1,
1134,BEVERLY,27,1,
1135,BREE,27,1,
1136,BRIA,27,1,
1137,CAPRI,27,1,
1138,CITLALLI,27,1,
1139,DIANNA,27,1,
1140,DOMINIQUE,27,1,
1141,ELENI,27,1,
1142,ELLIOT,27,1,
1143,ELODIE,27,1,
1144,ITALIA,27,1,
1145,IZABELLE,27,1,
1146,JANELLY,27,1,
1147,KORA,27,1,
1148,LEENA,27,1,
1149,LEXY,27,1,
1150,MAGALI,27,1,
1151,MARA,27,1,
1152,MARLYN,27,1,
1153,MILAH,27,1,
1154,NAIMA,27,1,
1155,SLOAN,27,1,
1156,VIVIEN,27,1,
1157,ZELDA,27,1,
1158,AMARIS,26,1,
1159,AMIA,26,1,
1160,ARIAH,26,1,
1161,ARIYAH,26,1,
1162,DREW,26,1,
1163,HALO,26,1,
1164,IRELAND,26,1,
1165,ISADORA,26,1,
1166,ISELA,26,1,
1167,JAZELLE,26,1,
1168,KATIA,26,1,
1169,KRISTY,26,1,
1170,LILLIANNA,26,1,
1171,MARCELA,26,1,
1172,MARLOWE,26,1,
1173,MAYAH,26,1,
1174,MEGHAN,26,1,
1175,NALANI,26,1,
1176,RAYNA,26,1,
1177,SHEILA,26,1,
1178,SHIRLEY,26,1,
1179,TENLEY,26,1,
1180,YSABELLA,26,1,
1181,ABRIANNA,25,1,
1182,AIDA,25,1,
1183,AMBERLY,25,1,
1184,ANAIAH,25,1,
1185,ANALEAH,25,1,
1186,ANNALEE,25,1,
1187,AUBRIELLE,25,1,
1188,AURELIA,25,1,
1189,AYVA,25,1,
1190,BRIGITTE,25,1,
1191,BRYANA,25,1,
1192,CHARLI,25,1,
1193,CITLALY,25,1,
1194,ELLY,25,1,
1195,EMA,25,1,
1196,EMMALINE,25,1,
1197,FARAH,25,1,
1198,FREYA,25,1,
1199,GENEVA,25,1,
1200,GEORGINA,25,1,
1201,JENELLE,25,1,
1202,JOANNE,25,1,
1203,KAYLYN,25,1,
1204,LOVE,25,1,
1205,LOVELY,25,1,
1206,MARELY,25,1,
1207,MARI,25,1,
1208,MARIAN,25,1,
1209,MAY,25,1,
1210,MERCY,25,1,
1211,NOELIA,25,1,
1212,PEPPER,25,1,
1213,PRECIOUS,25,1,
1214,ROXY,25,1,
1215,TARYN,25,1,
1216,TIA,25,1,
1217,VIOLA,25,1,
1218,ZAIRA,25,1,
1219,ZANIYAH,25,1,
1220,ADAMARI,24,1,
1221,ALAYA,24,1,
1222,ALIZA,24,1,
1223,ALYSSON,24,1,
1224,AMAYAH,24,1,
1225,AMIAH,24,1,
1226,ANJALI,24,1,
1227,ARIADNE,24,1,
1228,ARIYA,24,1,
1229,AVANI,24,1,
1230,AYANNA,24,1,
1231,BETTY,24,1,
1232,CASSIE,24,1,
1233,CLEO,24,1,
1234,DIAMOND,24,1,
1235,ELLIS,24,1,
1236,EMMIE,24,1,
1237,FELICIA,24,1,
1238,GWYNETH,24,1,
1239,JANAE,24,1,
1240,JOANA,24,1,
1241,KAMILLA,24,1,
1242,KATY,24,1,
1243,KAYCEE,24,1,
1244,KAYLENE,24,1,
1245,KEREN,24,1,
1246,KIRRA,24,1,
1247,LUCINDA,24,1,
1248,MADYSON,24,1,
1249,MALINA,24,1,
1250,MARBELLA,24,1,
1251,MELISA,24,1,
1252,MICAH,24,1,
1253,NATALI,24,1,
1254,NICOLETTE,24,1,
1255,NIKKI,24,1,
1256,SABINE,24,1,
1257,SHEYLA,24,1,
1258,SONYA,24,1,
1259,TAMARA,24,1,
1260,VIOLETTE,24,1,
1261,YULISSA,24,1,
1262,YUNA,24,1,
1263,ZARIYAH,24,1,
1264,AARYA,23,1,
1265,ADAMARIS,23,1,
1266,ALI,23,1,
1267,ANALISE,23,1,
1268,ANAYAH,23,1,
1269,ASHLY,23,1,
1270,AUBRIANA,23,1,
1271,AUDRIE,23,1,
1272,AULANI,23,1,
1273,AVAH,23,1,
1274,BERLIN,23,1,
1275,BRENNA,23,1,
1276,BRITTNEY,23,1,
1277,BRYN,23,1,
1278,CAYLA,23,1,
1279,CHIARA,23,1,
1280,DALLAS,23,1,
1281,DESIRAE,23,1,
1282,EMMELINE,23,1,
1283,ESTEFANY,23,1,
1284,GEMA,23,1,
1285,JACQUELIN,23,1,
1286,JANIYAH,23,1,
1287,JAZLENE,23,1,
1288,KIRSTEN,23,1,
1289,LAINEY,23,1,
1290,LILLYANNA,23,1,
1291,LINNEA,23,1,
1292,MAGDALENA,23,1,
1293,MCKINLEY,23,1,
1294,MEADOW,23,1,
1295,MILLA,23,1,
1296,MIYAH,23,1,
1297,NAILAH,23,1,
1298,NAOMY,23,1,
1299,OLGA,23,1,
1300,PILAR,23,1,
1301,PRIYA,23,1,
1302,SANA,23,1,
1303,SANIYA,23,1,
1304,SYLVIE,23,1,
1305,TEGAN,23,1,
1306,TESS,23,1,
1307,VICKY,23,1,
1308,AADHYA,22,1,
1309,AARNA,22,1,
1310,AMYA,22,1,
1311,ANGELES,22,1,
1312,ANI,22,1,
1313,ANNELIESE,22,1,
1314,ANTONIA,22,1,
1315,AVALON,22,1,
1316,BILLIE,22,1,
1317,BRINLEY,22,1,
1318,CANDICE,22,1,
1319,CARLEE,22,1,
1320,CECELIA,22,1,
1321,COSETTE,22,1,
1322,DANI,22,1,
1323,DELIA,22,1,
1324,DORIS,22,1,
1325,ELISHA,22,1,
1326,EMMALYNN,22,1,
1327,EMME,22,1,
1328,HONESTY,22,1,
1329,IVETTE,22,1,
1330,IXCHEL,22,1,
1331,IZABEL,22,1,
1332,JACKELYN,22,1,
1333,JESSA,22,1,
1334,JOHANA,22,1,
1335,JULISA,22,1,
1336,KAMILLE,22,1,
1337,KARELY,22,1,
1338,KARLEE,22,1,
1339,KENLEY,22,1,
1340,KENNA,22,1,
1341,LOUISE,22,1,
1342,LOURDES,22,1,
1343,MALANI,22,1,
1344,MANDY,22,1,
1345,MARIAJOSE,22,1,
1346,MELANI,22,1,
1347,MYLEE,22,1,
1348,NAIA,22,1,
1349,POPPY,22,1,
1350,QUETZALLI,22,1,
1351,RAMONA,22,1,
1352,REMY,22,1,
1353,RORY,22,1,
1354,SERENE,22,1,
1355,TALIYAH,22,1,
1356,XITLALY,22,1,
1357,ABYGAIL,21,1,
1358,ALAYSIA,21,1,
1359,ALEEAH,21,1,
1360,ANNALISA,21,1,
1361,ANUSHKA,21,1,
1362,ARI,21,1,
1363,ASIA,21,1,
1364,AZARIAH,21,1,
1365,AZUCENA,21,1,
1366,CAELYN,21,1,
1367,CATTLEYA,21,1,
1368,CHANELLE,21,1,
1369,CHEYANNE,21,1,
1370,EMERALD,21,1,
1371,GILLIAN,21,1,
1372,GRACELYNN,21,1,
1373,IRMA,21,1,
1374,ISHA,21,1,
1375,JACKIE,21,1,
1376,JAILYN,21,1,
1377,JANETH,21,1,
1378,JAYA,21,1,
1379,JEANETTE,21,1,
1380,JIANNA,21,1,
1381,KAILY,21,1,
1382,KAILYNN,21,1,
1383,KALEAH,21,1,
1384,KASANDRA,21,1,
1385,KENDAL,21,1,
1386,KIM,21,1,
1387,KRISTA,21,1,
1388,KRISTINE,21,1,
1389,MAE,21,1,
1390,MALAYAH,21,1,
1391,MARICELA,21,1,
1392,MELIA,21,1,
1393,NAVYA,21,1,
1394,NERIAH,21,1,
1395,NYA,21,1,
1396,RAYA,21,1,
1397,RIA,21,1,
1398,RYLAN,21,1,
1399,SAMIYAH,21,1,
1400,SANVI,21,1,
1401,SAYLOR,21,1,
1402,SHRIYA,21,1,
1403,THEA,21,1,
1404,YASMINE,21,1,
1405,AARALYN,20,1,
1406,AILIN,20,1,
1407,ALYANNA,20,1,
1408,ANALI,20,1,
1409,ARIELA,20,1,
1410,ARLET,20,1,
1411,CAILEY,20,1,
1412,CHAYA,20,1,
1413,DAFNE,20,1,
1414,ELORA,20,1,
1415,EMERSYN,20,1,
1416,GLADYS,20,1,
1417,HALLIE,20,1,
1418,HARLEEN,20,1,
1419,HATTIE,20,1,
1420,IMOGEN,20,1,
1421,INEZ,20,1,
1422,JACKLYN,20,1,
1423,JADYN,20,1,
1424,JAEL,20,1,
1425,JAYMIE,20,1,
1426,JAZLIN,20,1,
1427,JENESSA,20,1,
1428,JOSLYNN,20,1,
1429,JUBILEE,20,1,
1430,KATERINA,20,1,
1431,KAYLE,20,1,
1432,KAYLI,20,1,
1433,KINSEY,20,1,
1434,KRISTIN,20,1,
1435,LISETTE,20,1,
1436,LOUISA,20,1,
1437,MAISIE,20,1,
1438,MARJORIE,20,1,
1439,MARLEN,20,1,
1440,MARLIE,20,1,
1441,MYLAH,20,1,
1442,NALLELY,20,1,
1443,PIA,20,1,
1444,REMI,20,1,
1445,ROMY,20,1,
1446,ROSALYN,20,1,
1447,ROSEMARIE,20,1,
1448,SABINA,20,1,
1449,SAVANAH,20,1,
1450,SHANIA,20,1,
1451,SHYLA,20,1,
1452,SOL,20,1,
1453,TRISHA,20,1,
1454,VANIA,20,1,
1455,VIRIDIANA,20,1,
1456,YURIDIA,20,1,
1457,ZAHARA,20,1,
1458,ADELLE,19,1,
1459,AMARIE,19,1,
1460,ANABELL,19,1,
1461,ARDEN,19,1,
1462,ARLEEN,19,1,
1463,ARLYN,19,1,
1464,AUBRI,19,1,
1465,AUBRIANNA,19,1,
1466,BELLE,19,1,
1467,BRISEIDA,19,1,
1468,BRYLEE,19,1,
1469,CALLIOPE,19,1,
1470,CARLIE,19,1,
1471,CHELSEY,19,1,
1472,CHRISTY,19,1,
1473,DEVIN,19,1,
1474,DEVON,19,1,
1475,DORA,19,1,
1476,EVOLET,19,1,
1477,GIAVANNA,19,1,
1478,GIULIANNA,19,1,
1479,GRISELDA,19,1,
1480,HOLLAND,19,1,
1481,ILENE,19,1,
1482,JAIDA,19,1,
1483,JAIDYN,19,1,
1484,JASLYNN,19,1,
1485,JESSALYN,19,1,
1486,JOSEFINA,19,1,
1487,JOSELINE,19,1,
1488,JOSSLYN,19,1,
1489,KARIME,19,1,
1490,KENNEDI,19,1,
1491,KYLAH,19,1,
1492,LAYLANI,19,1,
1493,LIYA,19,1,
1494,LIYAH,19,1,
1495,MABEL,19,1,
1496,MACEY,19,1,
1497,MAGNOLIA,19,1,
1498,MALIYA,19,1,
1499,MARIANNE,19,1,
1500,MISHA,19,1,
1501,NICHOLE,19,1,
1502,OPHELIA,19,1,
1503,SAMAYA,19,1,
1504,SHEA,19,1,
1505,STAR,19,1,
1506,VIKTORIA,19,1,
1507,YATZIRI,19,1,
1508,ZARIA,19,1,
1509,ZIA,19,1,
1510,AALEYAH,18,1,
1511,ADALIE,18,1,
1512,ADDILYN,18,1,
1513,ALBA,18,1,
1514,ALEX,18,1,
1515,ALEXI,18,1,
1516,ALLISSON,18,1,
1517,ALYAH,18,1,
1518,ALYNNA,18,1,
1519,ANALY,18,1,
1520,ANIAH,18,1,
1521,ANNAMARIE,18,1,
1522,AVALYN,18,1,
1523,BEATRIX,18,1,
1524,BLAKELY,18,1,
1525,CARLEY,18,1,
1526,CARRIE,18,1,
1527,CATHY,18,1,
1528,CHRISTIANA,18,1,
1529,CIANNA,18,1,
1530,CORDELIA,18,1,
1531,DELYLAH,18,1,
1532,ELA,18,1,
1533,EVALYNN,18,1,
1534,GISSEL,18,1,
1535,JACLYN,18,1,
1536,JESSENIA,18,1,
1537,JIYA,18,1,
1538,JOCELYNE,18,1,
1539,KARMA,18,1,
1540,KENSINGTON,18,1,
1541,LAISHA,18,1,
1542,LEYNA,18,1,
1543,LUCIE,18,1,
1544,MALIKA,18,1,
1545,MAYLEN,18,1,
1546,MILANI,18,1,
1547,MINDY,18,1,
1548,NAYELY,18,1,
1549,NAYLA,18,1,
1550,NIKITA,18,1,
1551,PAULINE,18,1,
1552,ROBIN,18,1,
1553,SAMARAH,18,1,
1554,SERINA,18,1,
1555,SYMPHONY,18,1,
1556,TONI,18,1,
1557,YAEL,18,1,
1558,YOCELIN,18,1,
1559,AAHANA,17,1,
1560,ABELLA,17,1,
1561,ABIGALE,17,1,
1562,ADLEY,17,1,
1563,AIRAM,17,1,
1564,ALEXUS,17,1,
1565,ANGELY,17,1,
1566,ANISA,17,1,
1567,AVRIL,17,1,
1568,BERLYN,17,1,
1569,BRISEYDA,17,1,
1570,CARMELLA,17,1,
1571,CARTER,17,1,
1572,CECILY,17,1,
1573,CLOVER,17,1,
1574,CONSTANCE,17,1,
1575,DAIANA,17,1,
1576,DEBORA,17,1,
1577,ESTEFANI,17,1,
1578,EVAN,17,1,
1579,EVELINA,17,1,
1580,FRANCHESCA,17,1,
1581,GISELA,17,1,
1582,HILDA,17,1,
1583,HOLLIE,17,1,
1584,HONOR,17,1,
1585,HUNTER,17,1,
1586,JANETTE,17,1,
1587,JOSELIN,17,1,
1588,KACIE,17,1,
1589,KALEIGH,17,1,
1590,KATYA,17,1,
1591,KIYOMI,17,1,
1592,LANEY,17,1,
1593,LIBBY,17,1,
1594,LILI,17,1,
1595,LUELLA,17,1,
1596,MAIYA,17,1,
1597,MAKAYLAH,17,1,
1598,MARCELLA,17,1,
1599,MAREN,17,1,
1600,MARIELLA,17,1,
1601,NELLIE,17,1,
1602,PERSEPHONE,17,1,
1603,PRESLEE,17,1,
1604,PROMISE,17,1,
1605,REILLY,17,1,
1606,ROSALIND,17,1,
1607,SANAA,17,1,
1608,SERAFINA,17,1,
1609,SERAPHINA,17,1,
1610,SHAYNA,17,1,
1611,SHYANNE,17,1,
1612,SIA,17,1,
1613,STEFANY,17,1,
1614,SUSANNA,17,1,
1615,SYDNEE,17,1,
1616,TALLULAH,17,1,
1617,TEMPERANCE,17,1,
1618,TERRA,17,1,
1619,VENUS,17,1,
1620,VY,17,1,
1621,YOSELYN,17,1,
1622,ZOYA,17,1,
1623,ABIGAYLE,16,1,
1624,ADALINE,16,1,
1625,ADELLA,16,1,
1626,ALESSIA,16,1,
1627,ALLYSSA,16,1,
1628,ALYVIA,16,1,
1629,AMARIAH,16,1,
1630,AMBAR,16,1,
1631,ANNALEAH,16,1,
1632,ANNALIESE,16,1,
1633,AOLANIS,16,1,
1634,ARMANI,16,1,
1635,AVERI,16,1,
1636,AZARIA,16,1,
1637,BRISEIS,16,1,
1638,CAMPBELL,16,1,
1639,CHANTAL,16,1,
1640,CHARITY,16,1,
1641,CHEVELLE,16,1,
1642,DELANIE,16,1,
1643,ELLIANNA,16,1,
1644,ELLIOTT,16,1,
1645,ELVIRA,16,1,
1646,EMELINE,16,1,
1647,GENESSIS,16,1,
1648,GINA,16,1,
1649,GINGER,16,1,
1650,HELLEN,16,1,
1651,HILARY,16,1,
1652,ILA,16,1,
1653,JAMILET,16,1,
1654,JANELY,16,1,
1655,JENIFER,16,1,
1656,JOURNEE,16,1,
1657,JUDE,16,1,
1658,KACEY,16,1,
1659,KALIAH,16,1,
1660,KARSYN,16,1,
1661,KAVYA,16,1,
1662,KEZIAH,16,1,
1663,KHUSHI,16,1,
1664,KIERSTEN,16,1,
1665,KYA,16,1,
1666,LELA,16,1,
1667,LEYLANI,16,1,
1668,LORRAINE,16,1,
1669,MAILE,16,1,
1670,MAYLEEN,16,1,
1671,MELANIA,16,1,
1672,MELODIE,16,1,
1673,MONA,16,1,
1674,NADYA,16,1,
1675,NAYELLI,16,1,
1676,NEHA,16,1,
1677,PRISHA,16,1,
1678,RAIN,16,1,
1679,RAYLEEN,16,1,
1680,RENA,16,1,
1681,ROBYN,16,1,
1682,ROSLYN,16,1,
1683,SAFA,16,1,
1684,SAOIRSE,16,1,
1685,SAVINA,16,1,
1686,SIRI,16,1,
1687,TANVI,16,1,
1688,THERESA,16,1,
1689,YATZIRY,16,1,
1690,YESSENIA,16,1,
1691,ABILENE,15,1,
1692,AGNES,15,1,
1693,AIZA,15,1,
1694,ALEYAH,15,1,
1695,ALINAH,15,1,
1696,AMI,15,1,
1697,ANALEE,15,1,
1698,ANELA,15,1,
1699,ANGELIA,15,1,
1700,ANGELYN,15,1,
1701,ARISSA,15,1,
1702,AVEN,15,1,
1703,AYELEN,15,1,
1704,BLYTHE,15,1,
1705,CALLA,15,1,
1706,CAMDEN,15,1,
1707,CARMELA,15,1,
1708,CAYDEN,15,1,
1709,CHERYL,15,1,
1710,DARLEEN,15,1,
1711,DELLA,15,1,
1712,DESTENY,15,1,
1713,ELLERY,15,1,
1714,EMELI,15,1,
1715,EMILIANA,15,1,
1716,EVALINA,15,1,
1717,GRAYSON,15,1,
1718,GWENYTH,15,1,
1719,HENNESSY,15,1,
1720,INARA,15,1,
1721,ISA,15,1,
1722,IYANNA,15,1,
1723,JACEY,15,1,
1724,JADELYN,15,1,
1725,JAYNA,15,1,
1726,JENEVIEVE,15,1,
1727,JESSLYN,15,1,
1728,JIA,15,1,
1729,JIZELLE,15,1,
1730,JUDY,15,1,
1731,JUSTINA,15,1,
1732,KYARA,15,1,
1733,KYNDALL,15,1,
1734,LISBETH,15,1,
1735,MAIRA,15,1,
1736,MAISY,15,1,
1737,MALAK,15,1,
1738,MARILYNN,15,1,
1739,MAVIS,15,1,
1740,MAYCEE,15,1,
1741,MAYRIN,15,1,
1742,MELANNIE,15,1,
1743,MELONY,15,1,
1744,MOLLIE,15,1,
1745,NAHLA,15,1,
1746,PATIENCE,15,1,
1747,RANIA,15,1,
1748,RAYNE,15,1,
1749,REYA,15,1,
1750,RIO,15,1,
1751,ROSELYNN,15,1,
1752,RYDER,15,1,
1753,SAILOR,15,1,
1754,SAKURA,15,1,
1755,SAMANTA,15,1,
1756,SARAY,15,1,
1757,SEVEN,15,1,
1758,SHANELLE,15,1,
1759,TALA,15,1,
1760,THEODORA,15,1,
1761,TREASURE,15,1,
1762,TYLER,15,1,
1763,YAREL,15,1,
1764,ZION,15,1,
1765,AERIS,14,1,
1766,AHANA,14,1,
1767,AILA,14,1,
1768,ALEENAH,14,1,
1769,ALEYNA,14,1,
1770,ALYANA,14,1,
1771,ALYSA,14,1,
1772,AMIE,14,1,
1773,AMRIT,14,1,
1774,ANALIYAH,14,1,
1775,ANIA,14,1,
1776,ARAYA,14,1,
1777,AUDRA,14,1,
1778,BREANNE,14,1,
1779,BRILEY,14,1,
1780,CATTALEYA,14,1,
1781,CAYDENCE,14,1,
1782,COLBIE,14,1,
1783,DELANY,14,1,
1784,DIVYA,14,1,
1785,EISLEY,14,1,
1786,EMMANUELLE,14,1,
1787,ERICKA,14,1,
1788,ESSENCE,14,1,
1789,ETTA,14,1,
1790,EZRA,14,1,
1791,GABY,14,1,
1792,GALA,14,1,
1793,ILANA,14,1,
1794,ILY,14,1,
1795,IRLANDA,14,1,
1796,IVONNE,14,1,
1797,IZABELL,14,1,
1798,JANIE,14,1,
1799,JAZZLYNN,14,1,
1800,JOCELINE,14,1,
1801,JUANA,14,1,
1802,KAIDA,14,1,
1803,KAMEA,14,1,
1804,KARYME,14,1,
1805,KATARINA,14,1,
1806,KENSLEY,14,1,
1807,KIMORA,14,1,
1808,LEANN,14,1,
1809,LEILANIE,14,1,
1810,LIAH,14,1,
1811,LILLIA,14,1,
1812,LOREN,14,1,
1813,LOTUS,14,1,
1814,LYNN,14,1,
1815,MAGABY,14,1,
1816,MARLO,14,1,
1817,MARWA,14,1,
1818,MATTIE,14,1,
1819,MILLY,14,1,
1820,MONSERRATH,14,1,
1821,PETRA,14,1,
1822,ROSALEE,14,1,
1823,ROSALINA,14,1,
1824,SAHARA,14,1,
1825,SAI,14,1,
1826,SAMIYA,14,1,
1827,SANAI,14,1,
1828,SANTANA,14,1,
1829,SAPPHIRE,14,1,
1830,SARIYAH,14,1,
1831,SEQUOIA,14,1,
1832,SHANIK,14,1,
1833,SHIVANI,14,1,
1834,SKYLEE,14,1,
1835,SOLEDAD,14,1,
1836,SOMAYA,14,1,
1837,TAYA,14,1,
1838,TAYTUM,14,1,
1839,TIANNA,14,1,
1840,VEDA,14,1,
1841,VIANNA,14,1,
1842,YAJAIRA,14,1,
1843,YANA,14,1,
1844,YULIANNA,14,1,
1845,ZOEE,14,1,
1846,ZULEMA,14,1,
1847,AADYA,13,1,
1848,ACACIA,13,1,
1849,ADALINA,13,1,
1850,AKEMI,13,1,
1851,ALANIS,13,1,
1852,ALEYDA,13,1,
1853,ALYA,13,1,
1854,ALYSE,13,1,
1855,AMAIRANY,13,1,
1856,AMETHYST,13,1,
1857,ANGELIE,13,1,
1858,ARIANNAH,13,1,
1859,ASHTYN,13,1,
1860,BRANDY,13,1,
1861,CAILIN,13,1,
1862,CAMELLIA,13,1,
1863,CIERRA,13,1,
1864,CINTHIA,13,1,
1865,COLLINS,13,1,
1866,DARCY,13,1,
1867,DIOR,13,1,
1868,DIVINE,13,1,
1869,ELAYNA,13,1,
1870,ELYANA,13,1,
1871,ELYANNA,13,1,
1872,EMERIE,13,1,
1873,EMIKO,13,1,
1874,EMMARIE,13,1,
1875,ESTER,13,1,
1876,FALLON,13,1,
1877,FLORENCE,13,1,
1878,HAILY,13,1,
1879,HEAVENLY,13,1,
1880,HONEY,13,1,
1881,INDIA,13,1,
1882,JADEN,13,1,
1883,JAELA,13,1,
1884,JAHZARA,13,1,
1885,JANINE,13,1,
1886,JAQUELYN,13,1,
1887,JATZIRY,13,1,
1888,JORDIN,13,1,
1889,JOVIE,13,1,
1890,KAROLINA,13,1,
1891,KELSIE,13,1,
1892,KEYLI,13,1,
1893,KIMBERLEY,13,1,
1894,KORI,13,1,
1895,LANIYAH,13,1,
1896,LEEANN,13,1,
1897,LORI,13,1,
1898,LULU,13,1,
1899,MARICRUZ,13,1,
1900,MARIN,13,1,
1901,MARISELA,13,1,
1902,MARLEEN,13,1,
1903,MARYAH,13,1,
1904,MAYLEE,13,1,
1905,MAYLENE,13,1,
1906,MEDHA,13,1,
1907,MEENA,13,1,
1908,McKENNA,13,1,
1909,NAHOMI,13,1,
1910,NALAH,13,1,
1911,NAVA,13,1,
1912,NAVEAH,13,1,
1913,NIDHI,13,1,
1914,NIKA,13,1,
1915,NYOMI,13,1,
1916,OPAL,13,1,
1917,RINA,13,1,
1918,SAIRA,13,1,
1919,SANIYAH,13,1,
1920,SAVANA,13,1,
1921,SCOUT,13,1,
1922,SHAINA,13,1,
1923,SHARLYN,13,1,
1924,SKARLETT,13,1,
1925,SUNSHINE,13,1,
1926,TALYA,13,1,
1927,TAMIA,13,1,
1928,WINNIE,13,1,
1929,YASMEEN,13,1,
1930,YORLEY,13,1,
1931,YURITZI,13,1,
1932,ZARAH,13,1,
1933,ZOLA,13,1,
1934,ADALIA,12,1,
1935,ADARA,12,1,
1936,ADILYN,12,1,
1937,ADYSON,12,1,
1938,AHTZIRI,12,1,
1939,AISLINN,12,1,
1940,AKSHARA,12,1,
1941,ALAIA,12,1,
1942,ALESSA,12,1,
1943,ALINE,12,1,
1944,AMEERA,12,1,
1945,AMINAH,12,1,
1946,ANEESA,12,1,
1947,ANJA,12,1,
1948,ARIANNE,12,1,
1949,ASHLEIGH,12,1,
1950,AUBRY,12,1,
1951,AVALYNN,12,1,
1952,AYESHA,12,1,
1953,AYVAH,12,1,
1954,BLESSING,12,1,
1955,BRIZA,12,1,
1956,CAITLYNN,12,1,
1957,CANDACE,12,1,
1958,CARYS,12,1,
1959,CATELYN,12,1,
1960,CHARIS,12,1,
1961,CHERRY,12,1,
1962,CIANA,12,1,
1963,DAIRA,12,1,
1964,DANYA,12,1,
1965,DARBY,12,1,
1966,DARIA,12,1,
1967,DARLYN,12,1,
1968,DAYRA,12,1,
1969,DELILA,12,1,
1970,DESTINEY,12,1,
1971,DINA,12,1,
1972,EBONY,12,1,
1973,EKAM,12,1,
1974,ELANA,12,1,
1975,ELIANAH,12,1,
1976,ELLENA,12,1,
1977,ELLISON,12,1,
1978,ELVIA,12,1,
1979,EMANI,12,1,
1980,EMELYN,12,1,
1981,EOWYN,12,1,
1982,EVER,12,1,
1983,FRANCINE,12,1,
1984,GISEL,12,1,
1985,HAYDEE,12,1,
1986,HENLEY,12,1,
1987,INES,12,1,
1988,ISHANI,12,1,
1989,JAIDEN,12,1,
1990,JALAYAH,12,1,
1991,JANIAH,12,1,
1992,JANNA,12,1,
1993,JAZMYNE,12,1,
1994,JOANN,12,1,
1995,JOEY,12,1,
1996,JOHANNAH,12,1,
1997,JOSELYNN,12,1,
1998,JOVANNA,12,1,
1999,JUNO,12,1,
2000,KAELA,12,1,
2001,KAILEA,12,1,
2002,KALENA,12,1,
2003,KAMARI,12,1,
2004,KATHARINE,12,1,
2005,KEELEY,12,1,
2006,KEELY,12,1,
2007,KEIRY,12,1,
2008,KELIS,12,1,
2009,KHLOEE,12,1,
2010,KIERRA,12,1,
2011,KIMBER,12,1,
2012,KLARISSA,12,1,
2013,LILYANN,12,1,
2014,MAILYN,12,1,
2015,MARGAUX,12,1,
2016,MARLA,12,1,
2017,MILLICENT,12,1,
2018,MISTY,12,1,
2019,MYKA,12,1,
2020,NAHOMY,12,1,
2021,OFELIA,12,1,
2022,OLYVIA,12,1,
2023,PAISLEE,12,1,
2024,QUINCY,12,1,
2025,RACHELLE,12,1,
2026,RAE,12,1,
2027,RHIANNON,12,1,
2028,SAHASRA,12,1,
2029,SAYRA,12,1,
2030,SHANTI,12,1,
2031,SIYONA,12,1,
2032,TARAJI,12,1,
2033,TATIANNA,12,1,
2034,TIARA,12,1,
2035,TRISTYN,12,1,
2036,UMA,12,1,
2037,VANYA,12,1,
2038,WYNTER,12,1,
2039,YANELY,12,1,
2040,YANILEN,12,1,
2041,YZABELLA,12,1,
2042,ZAYLA,12,1,
2043,ABRIANA,11,1,
2044,ABRIELLA,11,1,
2045,ADALEE,11,1,
2046,ADRIAN,11,1,
2047,ALEXSANDRA,11,1,
2048,ALINNA,11,1,
2049,ALORA,11,1,
2050,ALTHEA,11,1,
2051,AMEERAH,11,1,
2052,AMILIA,11,1,
2053,AMORA,11,1,
2054,ANAIYA,11,1,
2055,ANAIYAH,11,1,
2056,ANALIESE,11,1,
2057,ANISHA,11,1,
2058,ANNALIE,11,1,
2059,ANNEMARIE,11,1,
2060,ANNMARIE,11,1,
2061,ANTOINETTE,11,1,
2062,ARANZA,11,1,
2063,ARIADNA,11,1,
2064,ATZIRI,11,1,
2065,AUGUST,11,1,
2066,AYAH,11,1,
2067,BETZY,11,1,
2068,BRAELYNN,11,1,
2069,BREANA,11,1,
2070,BRIDGETT,11,1,
2071,BRITANY,11,1,
2072,BRYCE,11,1,
2073,CALLISTA,11,1,
2074,CAMDYN,11,1,
2075,CHLOEE,11,1,
2076,CHRISTA,11,1,
2077,COLLETTE,11,1,
2078,DALIAH,11,1,
2079,DARA,11,1,
2080,DARINA,11,1,
2081,DAYNA,11,1,
2082,DEISY,11,1,
2083,ELVA,11,1,
2084,ELYSIA,11,1,
2085,EMALEE,11,1,
2086,EMMERSON,11,1,
2087,EVERLEIGH,11,1,
2088,GAIA,11,1,
2089,GIANELLA,11,1,
2090,GISELL,11,1,
2091,GRETCHEN,11,1,
2092,HARNOOR,11,1,
2093,ILEEN,11,1,
2094,IMAN,11,1,
2095,IRA,11,1,
2096,ITZELL,11,1,
2097,IYANA,11,1,
2098,IYLA,11,1,
2099,JAIME,11,1,
2100,JANAYA,11,1,
2101,JANNEY,11,1,
2102,JOAN,11,1,
2103,JOCELYNNE,11,1,
2104,JUANITA,11,1,
2105,JULIETT,11,1,
2106,JULIETTA,11,1,
2107,JULYSSA,11,1,
2108,KAIAH,11,1,
2109,KAILI,11,1,
2110,KALISTA,11,1,
2111,KAMIYAH,11,1,
2112,KAMYLA,11,1,
2113,KARIZMA,11,1,
2114,KARLI,11,1,
2115,KARLIE,11,1,
2116,KARMEN,11,1,
2117,KATHERYN,11,1,
2118,KAY,11,1,
2119,KEILLY,11,1,
2120,KHALIA,11,1,
2121,KITZIA,11,1,
2122,KLOE,11,1,
2123,KRISTAL,11,1,
2124,KYRIE,11,1,
2125,LAVINIA,11,1,
2126,LAYAH,11,1,
2127,LEIAH,11,1,
2128,LESLI,11,1,
2129,LESLYE,11,1,
2130,LILYANNE,11,1,
2131,LUCA,11,1,
2132,LYNDA,11,1,
2133,MAEGAN,11,1,
2134,MAGDALENE,11,1,
2135,MAILY,11,1,
2136,MAYLANI,11,1,
2137,MAYUMI,11,1,
2138,MEAGAN,11,1,
2139,MEI,11,1,
2140,MEILANI,11,1,
2141,MIHIKA,11,1,
2142,MINERVA,11,1,
2143,NAILEA,11,1,
2144,NIKOLE,11,1,
2145,NOEL,11,1,
2146,NUVIA,11,1,
2147,PRICILA,11,1,
2148,QUEENIE,11,1,
2149,REECE,11,1,
2150,REMINGTON,11,1,
2151,RHYAN,11,1,
2152,ROCHELLE,11,1,
2153,ROSALIA,11,1,
2154,RYA,11,1,
2155,RYLEY,11,1,
2156,RYLIN,11,1,
2157,RYLYNN,11,1,
2158,SADE,11,1,
2159,SAMA,11,1,
2160,SANJANA,11,1,
2161,SAYDEE,11,1,
2162,SHANA,11,1,
2163,SHERRY,11,1,
2164,SHIRA,11,1,
2165,SHYANN,11,1,
2166,SHYLAH,11,1,
2167,SIMRAN,11,1,
2168,SOPHYA,11,1,
2169,TAHLIA,11,1,
2170,TATYANA,11,1,
2171,TAYLIN,11,1,
2172,URSULA,11,1,
2173,VAISHNAVI,11,1,
2174,VALENCIA,11,1,
2175,VERONIKA,11,1,
2176,VITTORIA,11,1,
2177,YU,11,1,
2178,YUMI,11,1,
2179,YURI,11,1,
2180,ZA'RIYAH,11,1,
2181,ZELLA,11,1,
2182,ZIVA,11,1,
2183,ADAMARY,10,1,
2184,ADDELYN,10,1,
2185,ADDIE,10,1,
2186,ADDYSEN,10,1,
2187,ADELIA,10,1,
2188,ADINA,10,1,
2189,ADRIELLE,10,1,
2190,ADYLENE,10,1,
2191,AIDE,10,1,
2192,AISLYNN,10,1,
2193,AKARI,10,1,
2194,ALEEN,10,1,
2195,ALEEYA,10,1,
2196,ALIZAY,10,1,
2197,ALONA,10,1,
2198,ALONNA,10,1,
2199,AMAL,10,1,
2200,AMMY,10,1,
2201,ANALICIA,10,1,
2202,ANAMARIA,10,1,
2203,ANDI,10,1,
2204,ANEVAY,10,1,
2205,ANNALEIGH,10,1,
2206,ANOUSHKA,10,1,
2207,ARABELLE,10,1,
2208,ASA,10,1,
2209,AURA,10,1,
2210,AVNEET,10,1,
2211,AYLAH,10,1,
2212,AYLENE,10,1,
2213,BAYLEIGH,10,1,
2214,BEAUTIFUL,10,1,
2215,BERNADETTE,10,1,
2216,BEYONCE,10,1,
2217,BLISS,10,1,
2218,BRIANNE,10,1,
2219,BRIHANNA,10,1,
2220,BROOKELYNN,10,1,
2221,BRYNLEY,10,1,
2222,CALIE,10,1,
2223,CATE,10,1,
2224,CAYLIN,10,1,
2225,CHASITY,10,1,
2226,CONSUELO,10,1,
2227,CORINA,10,1,
2228,DIANNE,10,1,
2229,DIVINA,10,1,
2230,DREAM,10,1,
2231,ELLI,10,1,
2232,ELSY,10,1,
2233,ELYSSE,10,1,
2234,EMALYN,10,1,
2235,EMILYN,10,1,
2236,ENVY,10,1,
2237,ESHA,10,1,
2238,ESMEE,10,1,
2239,ETERNITY,10,1,
2240,EVERLEE,10,1,
2241,FATIMAH,10,1,
2242,FINNLEY,10,1,
2243,GABBY,10,1,
2244,GIULIA,10,1,
2245,HUDSON,10,1,
2246,ILEANA,10,1,
2247,INAYA,10,1,
2248,INDIANA,10,1,
2249,ITZIA,10,1,
2250,IZZABELLA,10,1,
2251,JA'NIYAH,10,1,
2252,JAILENE,10,1,
2253,JAIMIE,10,1,
2254,JALISSA,10,1,
2255,JALYNN,10,1,
2256,JALYSSA,10,1,
2257,JANELL,10,1,
2258,JANIYA,10,1,
2259,JANNAH,10,1,
2260,JAQUELIN,10,1,
2261,JASMYNE,10,1,
2262,JAYMEE,10,1,
2263,JEAN,10,1,
2264,JOCELIN,10,1,
2265,JODI,10,1,
2266,JOIE,10,1,
2267,JOLETTE,10,1,
2268,JORDANA,10,1,
2269,JULES,10,1,
2270,KAELANI,10,1,
2271,KAILANA,10,1,
2272,KALEI,10,1,
2273,KATLYN,10,1,
2274,KEILANA,10,1,
2275,KHADIJA,10,1,
2276,KYNDAL,10,1,
2277,LACY,10,1,
2278,LILYAN,10,1,
2279,LIZET,10,1,
2280,LONDYNN,10,1,
2281,LULA,10,1,
2282,MADDIE,10,1,
2283,MADELAINE,10,1,
2284,MADINA,10,1,
2285,MADISEN,10,1,
2286,MAHI,10,1,
2287,MAJA,10,1,
2288,MAKAELA,10,1,
2289,MALENA,10,1,
2290,MARION,10,1,
2291,MARLENA,10,1,
2292,MARYSOL,10,1,
2293,MAYBELLINE,10,1,
2294,MILEENA,10,1,
2295,MIRELLA,10,1,
2296,MOIRA,10,1,
2297,MYKAYLA,10,1,
2298,MYLIE,10,1,
2299,NAIYA,10,1,
2300,NASHLY,10,1,
2301,NAYOMI,10,1,
2302,NEILA,10,1,
2303,NILA,10,1,
2304,NIYA,10,1,
2305,NORMA,10,1,
2306,ODALYS,10,1,
2307,PEIGHTON,10,1,
2308,PYPER,10,1,
2309,RENESMEE,10,1,
2310,RIAN,10,1,
2311,RIANNA,10,1,
2312,ROSALYNN,10,1,
2313,SALEEN,10,1,
2314,SAMAIRA,10,1,
2315,SAMYA,10,1,
2316,SANAYA,10,1,
2317,SARAHY,10,1,
2318,SETAREH,10,1,
2319,SHAY,10,1,
2320,SHAYLEE,10,1,
2321,SHAYNE,10,1,
2322,SICILY,10,1,
2323,SIYA,10,1,
2324,STEFANIE,10,1,
2325,SUSIE,10,1,
2326,SYDNIE,10,1,
2327,TAELYNN,10,1,
2328,TAYLER,10,1,
2329,TESLA,10,1,
2330,THERESE,10,1,
2331,TINSLEY,10,1,
2332,TONANTZIN,10,1,
2333,VADA,10,1,
2334,VARSHA,10,1,
2335,VENICE,10,1,
2336,VILMA,10,1,
2337,VIOLETTA,10,1,
2338,VIVIANNE,10,1,
2339,XENIA,10,1,
2340,YATZIL,10,1,
2341,ZAYA,10,1,
2342,ZAYRA,10,1,
2343,ZENA,10,1,
2344,ZORA,10,1,
2345,ZURY,10,1,
2346,ZYANYA,10,1,
704,AADEN,38,0,
1449,AADI,12,0,
1529,AAMIR,11,0,
403,AARAV,87,0,
27,AARON,1575,0,
897,AARUSH,25,0,
1450,AARYAN,12,0,
1075,AAYAN,19,0,
1076,AAYDEN,19,0,
1624,AAYUSH,10,0,
721,ABDIEL,37,0,
1077,ABDUL,19,0,
1451,ABDULAZIZ,12,0,
807,ABDULLAH,30,0,
159,ABEL,334,0,
1452,ABELARDO,12,0,
1625,ABHAY,10,0,
1295,ABHINAV,14,0,
1530,ABHIRAM,11,0,
1626,ABISAI,10,0,
753,ABNER,34,0,
116,ABRAHAM,486,0,
500,ABRAM,62,0,
1296,ABRAN,14,0,
383,ACE,95,0,
872,ACHILLES,26,0,
1627,ADAIR,10,0,
57,ADAM,906,0,
189,ADAN,281,0,
1297,ADDISON,14,0,
299,ADEN,142,0,
1531,ADIEL,11,0,
1628,ADIN,10,0,
642,ADITYA,43,0,
572,ADOLFO,50,0,
705,ADONIS,38,0,
18,ADRIAN,1808,0,
1108,ADRIANO,18,0,
377,ADRIEL,98,0,
513,ADRIEN,59,0,
1453,ADVAITH,12,0,
1454,ADVIK,12,0,
1629,AEDEN,10,0,
472,AGUSTIN,67,0,
677,AHMAD,40,0,
706,AHMED,38,0,
121,AIDAN,457,0,
12,AIDEN,2033,0,
843,AIDYN,28,0,
1364,AIZEN,13,0,
946,AJAY,23,0,
1365,AKASH,13,0,
1231,AKHIL,15,0,
1232,AKSEL,15,0,
1177,AKSHAJ,16,0,
98,ALAN,576,0,
1630,ALARIC,10,0,
261,ALBERT,172,0,
253,ALBERTO,182,0,
1631,ALDAIR,10,0,
643,ALDEN,43,0,
344,ALDO,111,0,
397,ALEC,90,0,
77,ALEJANDRO,706,0,
1078,ALEK,19,0,
1233,ALEKSANDER,15,0,
1298,ALEN,14,0,
420,ALESSANDRO,81,0,
78,ALEX,698,0,
7,ALEXANDER,2447,0,
793,ALEXANDRE,31,0,
794,ALEXANDRO,31,0,
1109,ALEXAVIER,18,0,
136,ALEXIS,398,0,
1532,ALEXSANDER,11,0,
722,ALEXZANDER,37,0,
405,ALFONSO,86,0,
733,ALFRED,36,0,
284,ALFREDO,155,0,
372,ALI,99,0,
509,ALIJAH,60,0,
1002,ALISTAIR,21,0,
441,ALLAN,74,0,
282,ALLEN,156,0,
381,ALONSO,96,0,
336,ALONZO,115,0,
1455,ALSTON,12,0,
1079,ALTON,19,0,
494,ALVARO,63,0,
364,ALVIN,102,0,
1632,AMADEO,10,0,
1633,AMADEUS,10,0,
1299,AMAN,14,0,
1634,AMAR,10,0,
1234,AMAR'E,15,0,
1235,AMARE,15,0,
461,AMARI,69,0,
1635,AMEEN,10,0,
1178,AMEER,16,0,
1636,AMES,10,0,
316,AMIR,127,0,
1179,AMOS,16,0,
1110,ANAKIN,18,0,
1147,ANAY,17,0,
1042,ANDERS,20,0,
339,ANDERSON,114,0,
203,ANDRE,245,0,
1637,ANDRE',10,0,
873,ANDREAS,26,0,
898,ANDREI,25,0,
96,ANDRES,585,0,
11,ANDREW,2160,0,
1148,ANDREY,17,0,
157,ANDY,336,0,
1456,ANGAD,12,0,
14,ANGEL,1970,0,
220,ANGELO,220,0,
1366,ANGUS,13,0,
1638,ANIBAL,10,0,
1111,ANIRUDH,18,0,
1043,ANISH,20,0,
1149,ANSEL,17,0,
1112,ANSH,18,0,
860,ANSON,27,0,
8,ANTHONY,2439,0,
1113,ANTOINE,18,0,
781,ANTON,32,0,
109,ANTONIO,492,0,
899,ANTONY,25,0,
573,APOLLO,50,0,
1003,ARAM,21,0,
1300,ARAV,14,0,
429,ARCHER,79,0,
1367,ARDEN,13,0,
609,ARES,46,0,
398,ARI,90,0,
1457,ARIA,12,0,
664,ARIAN,41,0,
689,ARIEL,39,0,
1301,ARIES,14,0,
1458,ARIK,12,0,
1459,ARJAN,12,0,
354,ARJUN,107,0,
746,ARLEY,35,0,
734,ARLO,36,0,
651,ARMAAN,42,0,
622,ARMAN,45,0,
204,ARMANDO,244,0,
521,ARMANI,58,0,
1180,ARMEN,16,0,
574,ARNAV,50,0,
1533,ARNOLD,11,0,
1534,ARNULFO,11,0,
567,ARON,51,0,
1535,ARSEN,11,0,
1236,ARSH,15,0,
247,ARTHUR,190,0,
257,ARTURO,178,0,
1004,ARVIN,21,0,
1181,ARYA,16,0,
532,ARYAN,56,0,
754,ASA,34,0,
171,ASHER,313,0,
239,ASHTON,197,0,
1639,ASHWIN,10,0,
1080,ASTON,19,0,
769,ATHAN,33,0,
1368,ATHARV,13,0,
1302,ATHEN,14,0,
1150,ATLAS,17,0,
1369,ATOM,13,0,
1182,ATREYU,16,0,
393,ATTICUS,91,0,
345,AUGUST,111,0,
770,AUGUSTINE,33,0,
900,AUGUSTUS,25,0,
1114,AURELIO,18,0,
1460,AURELIUS,12,0,
1044,AUSTEN,20,0,
71,AUSTIN,757,0,
1081,AUSTYN,19,0,
1237,AVAN,15,0,
1115,AVEN,18,0,
307,AVERY,134,0,
874,AVI,26,0,
114,AXEL,487,0,
1238,AXL,15,0,
1303,AXTON,14,0,
514,AYAAN,59,0,
1005,AYAN,21,0,
795,AYDAN,31,0,
76,AYDEN,739,0,
971,AYDENN,22,0,
644,AYDIN,43,0,
1536,AYMAN,11,0,
1461,AYRTON,12,0,
1370,AYUSH,13,0,
1371,AZAEL,13,0,
1151,AZARIAH,17,0,
1462,AZIEL,12,0,
1239,BAILEY,15,0,
1640,BALTAZAR,10,0,
735,BARON,36,0,
558,BARRETT,53,0,
1152,BAYRON,17,0,
1463,BEAR,12,0,
368,BEAU,101,0,
1641,BECK,10,0,
412,BECKETT,84,0,
736,BECKHAM,36,0,
665,BEN,41,0,
1372,BENAIAH,13,0,
1537,BENEDICT,11,0,
652,BENICIO,42,0,
1045,BENITO,20,0,
22,BENJAMIN,1690,0,
317,BENNETT,127,0,
653,BENNY,42,0,
654,BENSON,42,0,
209,BENTLEY,240,0,
1006,BENTLY,21,0,
1642,BENTON,10,0,
1304,BERNARD,14,0,
808,BERNARDO,30,0,
1116,BILAL,18,0,
1643,BILL,10,0,
666,BILLY,41,0,
947,BISHOP,23,0,
1007,BLAINE,21,0,
1240,BLAISE,15,0,
104,BLAKE,529,0,
1117,BLAZE,18,0,
875,BO,26,0,
1305,BOAZ,14,0,
655,BOBBY,42,0,
1306,BODE,14,0,
876,BODEN,26,0,
495,BODHI,63,0,
901,BODIE,25,0,
1538,BOSCO,11,0,
690,BOSTON,39,0,
809,BOWEN,30,0,
1539,BRAD,11,0,
413,BRADEN,84,0,
178,BRADLEY,301,0,
255,BRADY,179,0,
782,BRAEDEN,32,0,
1373,BRAEDON,13,0,
1374,BRAEDYN,13,0,
1008,BRAIDEN,21,0,
691,BRANDEN,39,0,
1540,BRANDO,11,0,
35,BRANDON,1304,0,
1009,BRANSON,21,0,
948,BRANTLEY,23,0,
796,BRAULIO,31,0,
502,BRAXTON,61,0,
373,BRAYAN,99,0,
97,BRAYDEN,577,0,
559,BRAYDON,53,0,
1046,BRAYLEN,20,0,
610,BRAYLON,46,0,
1464,BRECKEN,12,0,
359,BRENDAN,104,0,
533,BRENDEN,56,0,
949,BRENDON,23,0,
501,BRENNAN,62,0,
1047,BRENNEN,20,0,
783,BRENT,32,0,
1241,BRENTON,15,0,
692,BRETT,39,0,
111,BRIAN,489,0,
1644,BRICE,10,0,
1375,BRIGHTON,13,0,
950,BRIXTON,23,0,
550,BROCK,54,0,
951,BRODERICK,23,0,
844,BRODIE,28,0,
173,BRODY,310,0,
707,BRONSON,38,0,
1645,BRONX,10,0,
1646,BROOKLYN,10,0,
693,BROOKS,39,0,
346,BRUCE,111,0,
465,BRUNO,68,0,
89,BRYAN,627,0,
442,BRYANT,74,0,
215,BRYCE,225,0,
575,BRYCEN,50,0,
1541,BRYDEN,11,0,
1465,BRYSEN,12,0,
262,BRYSON,172,0,
1647,BRYTON,10,0,
1648,BUDDY,10,0,
451,BYRON,72,0,
446,CADE,73,0,
234,CADEN,199,0,
1542,CAEL,11,0,
1543,CAESAR,11,0,
476,CAIDEN,66,0,
542,CAIN,55,0,
1082,CAIRO,19,0,
1649,CAL,10,0,
52,CALEB,1006,0,
902,CALLAN,25,0,
737,CALLEN,36,0,
784,CALLUM,32,0,
212,CALVIN,232,0,
394,CAMDEN,91,0,
106,CAMERON,524,0,
484,CAMILO,65,0,
1544,CAMPBELL,11,0,
1118,CAMREN,18,0,
1466,CAMRON,12,0,
1467,CAMRYN,12,0,
785,CANNON,32,0,
656,CARL,42,0,
632,CARLO,44,0,
54,CARLOS,982,0,
708,CARMELO,38,0,
1545,CARMINE,11,0,
183,CARSON,291,0,
103,CARTER,540,0,
972,CASE,22,0,
1546,CASEN,11,0,
503,CASEY,61,0,
228,CASH,210,0,
1010,CASON,21,0,
1242,CASPER,15,0,
1307,CASPIAN,14,0,
861,CASSIUS,27,0,
1243,CASTIEL,15,0,
293,CAYDEN,144,0,
1468,CAYSON,12,0,
1308,CEASAR,14,0,
952,CEDRIC,23,0,
126,CESAR,434,0,
1650,CEZAR,10,0,
973,CHACE,22,0,
771,CHAD,33,0,
355,CHANCE,107,0,
1048,CHANDLER,20,0,
1083,CHANNING,19,0,
102,CHARLES,543,0,
232,CHARLIE,201,0,
124,CHASE,438,0,
1651,CHAZ,10,0,
296,CHRIS,143,0,
34,CHRISTIAN,1334,0,
1547,CHRISTOFER,11,0,
21,CHRISTOPHER,1745,0,
953,CIAN,23,0,
1469,CILLIAN,12,0,
1119,CLARENCE,18,0,
490,CLARK,64,0,
1376,CLAUDIO,13,0,
1049,CLAY,20,0,
424,CLAYTON,80,0,
1377,CLIFFORD,13,0,
1652,CLINT,10,0,
1378,CLINTON,13,0,
1379,CLIVE,13,0,
903,CLYDE,25,0,
208,CODY,241,0,
1183,COEN,16,0,
585,COHEN,49,0,
477,COLBY,66,0,
164,COLE,327,0,
1380,COLEMAN,13,0,
185,COLIN,290,0,
302,COLLIN,137,0,
543,COLT,55,0,
810,COLTEN,30,0,
1548,COLTER,11,0,
130,COLTON,408,0,
1653,CONAN,10,0,
311,CONNER,129,0,
88,CONNOR,636,0,
563,CONOR,52,0,
723,CONRAD,37,0,
1549,CONSTANTINE,11,0,
179,COOPER,301,0,
1244,CORBAN,15,0,
431,CORBIN,78,0,
586,COREY,49,0,
1309,CORMAC,14,0,
1470,CORTEZ,12,0,
811,CORY,30,0,
1184,CRAIG,16,0,
1120,CREW,18,0,
145,CRISTIAN,376,0,
724,CRISTIANO,37,0,
1471,CRISTO,12,0,
560,CRISTOBAL,53,0,
845,CRISTOFER,28,0,
462,CRISTOPHER,69,0,
954,CROSBY,23,0,
211,CRUZ,233,0,
1381,CULLEN,13,0,
1310,CURREN,14,0,
534,CURTIS,56,0,
1311,CY,14,0,
380,CYRUS,97,0,
755,D'ANGELO,34,0,
1550,DAKARI,11,0,
756,DAKOTA,34,0,
1121,DALE,18,0,
437,DALLAS,75,0,
496,DALTON,63,0,
1654,DAMANI,10,0,
39,DAMIAN,1278,0,
192,DAMIEN,273,0,
904,DAMION,25,0,
510,DAMON,60,0,
905,DAN,25,0,
497,DANE,63,0,
4,DANIEL,2701,0,
1153,DANILO,17,0,
264,DANNY,170,0,
266,DANTE,168,0,
1312,DAREN,14,0,
568,DARIAN,51,0,
1122,DARIEL,18,0,
1185,DARIEN,16,0,
1472,DARIN,12,0,
576,DARIO,50,0,
1473,DARION,12,0,
466,DARIUS,68,0,
1474,DARNELL,12,0,
1245,DARON,15,0,
1154,DARRELL,17,0,
297,DARREN,143,0,
1382,DARRIEN,13,0,
1655,DARRIUS,10,0,
1383,DARRYL,13,0,
1656,DARVIN,10,0,
955,DARWIN,23,0,
1186,DASH,16,0,
956,DASHIELL,23,0,
1475,DAVE,12,0,
569,DAVIAN,51,0,
10,DAVID,2176,0,
645,DAVIN,43,0,
812,DAVION,30,0,
591,DAVIS,48,0,
1551,DAVON,11,0,
757,DAWSON,34,0,
678,DAX,40,0,
877,DAXTON,26,0,
1552,DAYLEN,11,0,
974,DAYTON,22,0,
1657,DE,10,0,
906,DEACON,25,0,
225,DEAN,212,0,
907,DEANDRE,25,0,
1123,DEANGELO,18,0,
1476,DECKER,12,0,
205,DECLAN,244,0,
709,DEEGAN,38,0,
1553,DEION,11,0,
1554,DEKLAN,11,0,
1555,DEMETRI,11,0,
975,DEMETRIUS,22,0,
878,DEMIAN,26,0,
1477,DEMITRI,12,0,
1187,DENIS,16,0,
434,DENNIS,77,0,
1658,DENNY,10,0,
1011,DENZEL,21,0,
813,DERECK,30,0,
148,DEREK,360,0,
623,DERICK,45,0,
362,DERRICK,103,0,
1050,DESHAWN,20,0,
330,DESMOND,122,0,
1384,DESTIN,13,0,
1012,DEV,21,0,
976,DEVAN,22,0,
710,DEVEN,38,0,
188,DEVIN,286,0,
522,DEVON,58,0,
862,DEVYN,27,0,
350,DEXTER,108,0,
758,DHRUV,34,0,
1659,DIDIER,10,0,
49,DIEGO,1026,0,
1313,DIESEL,14,0,
830,DILAN,29,0,
1155,DILLAN,17,0,
335,DILLON,116,0,
1246,DIMITRI,15,0,
1314,DION,14,0,
1188,DOMENIC,16,0,
1660,DOMENICO,10,0,
1478,DOMINGO,12,0,
45,DOMINIC,1073,0,
223,DOMINICK,216,0,
416,DOMINIK,83,0,
1156,DOMINIQUE,17,0,
1189,DON,16,0,
551,DONALD,54,0,
1479,DONAVAN,12,0,
1556,DONAVIN,11,0,
1247,DONNIE,15,0,
216,DONOVAN,225,0,
1013,DONTE,21,0,
577,DORIAN,50,0,
564,DOUGLAS,52,0,
1480,DRACO,12,0,
259,DRAKE,174,0,
1014,DRAVEN,21,0,
1661,DRAYDEN,10,0,
1385,DRESDEN,13,0,
384,DREW,94,0,
863,DUKE,27,0,
1124,DUNCAN,18,0,
408,DUSTIN,85,0,
1051,DWAYNE,20,0,
1190,DWIGHT,16,0,
26,DYLAN,1589,0,
1386,EAMON,13,0,
846,EAN,28,0,
814,EASON,30,0,
291,EASTON,147,0,
333,EDDIE,117,0,
725,EDDY,37,0,
452,EDEN,72,0,
1191,EDER,16,0,
138,EDGAR,393,0,
1387,EDGARDO,13,0,
657,EDISON,42,0,
1315,EDMOND,14,0,
1248,EDMUND,15,0,
1316,EDSON,14,0,
100,EDUARDO,555,0,
1662,EDVIN,10,0,
146,EDWARD,373,0,
194,EDWIN,266,0,
430,EFRAIN,79,0,
786,EFREN,32,0,
1157,EIAN,17,0,
1663,EITAN,10,0,
1249,EITHAN,15,0,
1317,EKAM,14,0,
1192,ELAN,16,0,
1015,ELEAZAR,21,0,
66,ELI,785,0,
1388,ELIAH,13,0,
1557,ELIAM,11,0,
592,ELIAN,48,0,
90,ELIAS,622,0,
1318,ELIEL,14,0,
1319,ELIEZER,14,0,
797,ELIGH,31,0,
28,ELIJAH,1545,0,
1389,ELIO,13,0,
1084,ELIOT,19,0,
515,ELISEO,59,0,
711,ELISHA,38,0,
289,ELLIOT,148,0,
318,ELLIOTT,127,0,
646,ELLIS,43,0,
831,ELMER,29,0,
879,ELVIN,26,0,
679,ELVIS,40,0,
1193,ELY,16,0,
1320,ELYJAH,14,0,
219,EMANUEL,221,0,
414,EMERSON,84,0,
880,EMERY,26,0,
1085,EMIL,19,0,
137,EMILIANO,394,0,
162,EMILIO,331,0,
1321,EMIR,14,0,
112,EMMANUEL,489,0,
977,EMMET,22,0,
269,EMMETT,165,0,
1664,EMMIT,10,0,
864,EMMITT,27,0,
1665,EMORY,10,0,
1390,ENDER,13,0,
815,ENOCH,30,0,
221,ENRIQUE,219,0,
283,ENZO,156,0,
1558,EPHRAIM,11,0,
91,ERIC,606,0,
144,ERICK,383,0,
197,ERIK,251,0,
1666,ERIN,10,0,
847,ERNEST,28,0,
272,ERNESTO,164,0,
1391,ERNIE,13,0,
1392,EROS,13,0,
1125,ERWIN,18,0,
1052,ESAI,20,0,
1481,ESAU,12,0,
1322,ESDRAS,14,0,
1250,ESHAAN,15,0,
199,ESTEBAN,247,0,
611,ESTEVAN,46,0,
3,ETHAN,2732,0,
759,ETHEN,34,0,
587,EUGENE,49,0,
47,EVAN,1044,0,
908,EVER,25,0,
909,EVERARDO,25,0,
250,EVERETT,188,0,
1126,EWAN,18,0,
141,EZEKIEL,387,0,
349,EZEQUIEL,110,0,
1667,EZIO,10,0,
181,EZRA,298,0,
1393,EZRAH,13,0,
147,FABIAN,367,0,
1394,FABIO,13,0,
957,FAVIAN,23,0,
1053,FEDERICO,20,0,
425,FELIPE,80,0,
222,FELIX,217,0,
123,FERNANDO,450,0,
832,FIDEL,29,0,
738,FINLEY,36,0,
314,FINN,128,0,
739,FINNEGAN,36,0,
1395,FINNLEY,13,0,
1559,FISHER,11,0,
1560,FLAVIO,11,0,
927,FLETCHER,24,0,
772,FLYNN,33,0,
848,FORD,28,0,
1194,FOREST,16,0,
1323,FORREST,14,0,
1324,FOX,14,0,
1482,FRANCESCO,12,0,
667,FRANCIS,41,0,
108,FRANCISCO,496,0,
593,FRANCO,48,0,
274,FRANK,163,0,
421,FRANKIE,81,0,
612,FRANKLIN,46,0,
1158,FRANKY,17,0,
958,FREDDIE,23,0,
443,FREDDY,74,0,
578,FREDERICK,50,0,
910,FREDY,25,0,
1396,GABINO,13,0,
33,GABRIEL,1350,0,
978,GADIEL,22,0,
74,GAEL,746,0,
279,GAGE,161,0,
1397,GAIGE,13,0,
1561,GANNON,11,0,
347,GARRETT,111,0,
1325,GARRISON,14,0,
579,GARY,50,0,
928,GAUGE,24,0,
68,GAVIN,765,0,
1251,GAVYN,15,0,
1483,GENARO,12,0,
1562,GENE,11,0,
1398,GENESIS,13,0,
911,GEOFFREY,25,0,
166,GEORGE,317,0,
1563,GEOVANI,11,0,
798,GEOVANNI,31,0,
979,GEOVANNY,22,0,
1252,GEOVANY,15,0,
740,GERALD,36,0,
959,GERARD,23,0,
206,GERARDO,244,0,
544,GERMAN,55,0,
1195,GERSON,16,0,
1668,GIACOMO,10,0,
1086,GIAN,19,0,
467,GIANCARLO,68,0,
1399,GIANLUCA,13,0,
356,GIANNI,107,0,
1669,GIBRAN,10,0,
1326,GIBSON,14,0,
600,GIDEON,47,0,
601,GILBERT,47,0,
511,GILBERTO,60,0,
816,GINO,30,0,
881,GIONNI,26,0,
365,GIOVANI,102,0,
83,GIOVANNI,665,0,
395,GIOVANNY,91,0,
929,GIOVANY,24,0,
1484,GIUSEPPE,12,0,
1670,GLEN,10,0,
1196,GLENN,16,0,
624,GONZALO,45,0,
865,GORDON,27,0,
561,GRADY,53,0,
351,GRAHAM,108,0,
224,GRANT,213,0,
1485,GRAY,12,0,
1671,GRAYDEN,10,0,
1016,GRAYSEN,21,0,
175,GRAYSON,306,0,
1672,GREG,10,0,
1253,GREGORIO,15,0,
294,GREGORY,144,0,
1017,GREY,21,0,
248,GREYSON,189,0,
310,GRIFFIN,131,0,
912,GUADALUPE,25,0,
312,GUILLERMO,129,0,
535,GUNNAR,56,0,
473,GUNNER,67,0,
1564,GUS,11,0,
235,GUSTAVO,199,0,
1018,GUY,21,0,
1673,HADI,10,0,
1565,HAIDEN,11,0,
799,HAMZA,31,0,
680,HANK,40,0,
1197,HANS,16,0,
1674,HANSON,10,0,
1198,HARLAN,16,0,
1675,HARLEM,10,0,
913,HARLEY,25,0,
914,HAROLD,25,0,
980,HARPER,22,0,
1676,HARRIS,10,0,
290,HARRISON,148,0,
565,HARRY,52,0,
741,HARVEY,36,0,
1400,HASAN,13,0,
1087,HASSAN,19,0,
1127,HAVEN,18,0,
218,HAYDEN,222,0,
1327,HAYK,14,0,
1328,HEATH,14,0,
155,HECTOR,341,0,
817,HENDRIX,30,0,
1329,HENRI,14,0,
1401,HENRIK,13,0,
65,HENRY,786,0,
915,HERIBERTO,25,0,
1254,HERNAN,15,0,
930,HEZEKIAH,24,0,
1330,HIRAM,14,0,
417,HOLDEN,83,0,
1566,HONOR,11,0,
1567,HOUSTON,11,0,
916,HOWARD,25,0,
131,HUDSON,406,0,
1199,HUGH,16,0,
285,HUGO,154,0,
613,HUMBERTO,46,0,
93,HUNTER,599,0,
1200,HUXLEY,16,0,
58,IAN,897,0,
800,IBRAHIM,31,0,
1568,ICKER,11,0,
1677,IDEN,10,0,
1678,IDRIS,10,0,
478,IGNACIO,66,0,
150,IKER,357,0,
1486,ILYA,12,0,
1679,ILYAS,10,0,
1255,IMMANUEL,15,0,
1201,IRA,16,0,
552,IRVIN,54,0,
818,IRVING,30,0,
1202,ISA,16,0,
15,ISAAC,1879,0,
787,ISAAK,32,0,
981,ISAC,22,0,
1054,ISAEL,20,0,
553,ISAI,54,0,
38,ISAIAH,1298,0,
313,ISAIAS,129,0,
694,ISHAAN,39,0,
1019,ISHAN,21,0,
1402,ISHMAEL,13,0,
849,ISIAH,28,0,
1020,ISIDRO,21,0,
213,ISMAEL,227,0,
1403,ISMAIL,13,0,
168,ISRAEL,316,0,
303,ISSAC,137,0,
1203,ITZAE,16,0,
48,IVAN,1036,0,
819,IZAAC,30,0,
982,IZAAK,22,0,
304,IZAIAH,137,0,
773,IZAYAH,33,0,
1680,IZEK,10,0,
1331,IZRAEL,14,0,
1569,JABARI,11,0,
160,JACE,334,0,
63,JACK,841,0,
1021,JACKIE,21,0,
50,JACKSON,1019,0,
1128,JACKY,18,0,
1,JACOB,3036,0,
1088,JACOBO,19,0,
774,JACOBY,33,0,
1570,JACQUES,11,0,
1055,JAD,20,0,
127,JADEN,428,0,
1404,JADIEL,13,0,
712,JADON,38,0,
1405,JADYN,13,0,
788,JAEDEN,32,0,
931,JAEL,24,0,
1487,JAFET,12,0,
633,JAGGER,44,0,
1332,JAHAZIEL,14,0,
1256,JAHIR,15,0,
866,JAI,27,0,
249,JAIDEN,189,0,
230,JAIME,208,0,
625,JAIR,45,0,
468,JAIRO,68,0,
142,JAKE,385,0,
352,JAKOB,108,0,
1681,JALEEL,10,0,
536,JALEN,56,0,
960,JAMAL,23,0,
1682,JAMAR,10,0,
37,JAMES,1299,0,
240,JAMESON,197,0,
801,JAMIE,31,0,
1571,JAMIL,11,0,
917,JAMISON,25,0,
1022,JAN,21,0,
1683,JANCARLO,10,0,
1684,JANCARLOS,10,0,
244,JARED,194,0,
1406,JAREN,13,0,
1572,JARETH,11,0,
1407,JARON,13,0,
1129,JARRETT,18,0,
523,JASE,58,0,
833,JASIAH,29,0,
53,JASON,992,0,
275,JASPER,163,0,
1408,JATHAN,13,0,
1685,JAVIAN,10,0,
129,JAVIER,411,0,
1488,JAVON,12,0,
306,JAX,135,0,
775,JAXEN,33,0,
117,JAXON,482,0,
1489,JAXSEN,12,0,
180,JAXSON,300,0,
789,JAXTON,32,0,
1204,JAXX,16,0,
308,JAY,132,0,
327,JAYCE,124,0,
983,JAYCEON,22,0,
588,JAYCOB,49,0,
882,JAYDAN,26,0,
2,JAYDEN,2904,0,
1490,JAYDENN,12,0,
1023,JAYDIN,21,0,
834,JAYDON,29,0,
1257,JAYKOB,15,0,
320,JAYLEN,126,0,
918,JAYLIN,25,0,
1573,JAYLON,11,0,
1130,JAYSEN,18,0,
321,JAYSON,126,0,
1409,JAYTHAN,13,0,
1491,JAYVEN,12,0,
850,JAZIEL,28,0,
883,JEAN,26,0,
1686,JEDEDIAH,10,0,
851,JEDIDIAH,28,0,
1205,JEFF,16,0,
695,JEFFERSON,39,0,
852,JEFFERY,28,0,
277,JEFFREY,162,0,
1410,JELANI,13,0,
984,JENCARLOS,22,0,
713,JENSEN,38,0,
1258,JENSON,15,0,
985,JERAMIAH,22,0,
60,JEREMIAH,856,0,
760,JEREMIAS,34,0,
1492,JEREMIH,12,0,
113,JEREMY,488,0,
932,JERICHO,24,0,
1259,JERIMIAH,15,0,
961,JERMAINE,23,0,
853,JEROME,28,0,
385,JERRY,94,0,
1089,JESHUA,19,0,
1090,JESIAH,19,0,
95,JESSE,587,0,
447,JESSIE,73,0,
43,JESUS,1135,0,
962,JET,23,0,
409,JETT,85,0,
1574,JIM,11,0,
360,JIMMY,104,0,
1493,JIN,12,0,
742,JIONNI,36,0,
1159,JIOVANNI,17,0,
933,JOAN,24,0,
172,JOAQUIN,312,0,
453,JOE,72,0,
120,JOEL,459,0,
371,JOEY,100,0,
366,JOHAN,102,0,
681,JOHANN,40,0,
1687,JOHANNES,10,0,
55,JOHN,974,0,
260,JOHNATHAN,174,0,
963,JOHNATHON,23,0,
1206,JOHNNIE,16,0,
165,JOHNNY,319,0,
1575,JOHNSON,11,0,
747,JON,35,0,
158,JONAH,336,0,
469,JONAS,68,0,
1160,JONATAN,17,0,
19,JONATHAN,1752,0,
934,JONATHON,24,0,
1576,JONNY,11,0,
46,JORDAN,1046,0,
1333,JORDEN,14,0,
1494,JORDY,12,0,
99,JORGE,567,0,
25,JOSE,1644,0,
1688,JOSEANGEL,10,0,
1495,JOSEF,12,0,
1689,JOSELUIS,10,0,
23,JOSEPH,1661,0,
761,JOSH,34,0,
20,JOSHUA,1748,0,
72,JOSIAH,753,0,
1577,JOSIAS,11,0,
161,JOSUE,334,0,
854,JOVAN,28,0,
626,JOVANI,45,0,
491,JOVANNI,64,0,
658,JOVANNY,42,0,
919,JOVANY,25,0,
634,JOZIAH,44,0,
44,JUAN,1114,0,
1056,JUANCARLOS,20,0,
935,JUANPABLO,24,0,
1690,JUAQUIN,10,0,
305,JUDAH,137,0,
191,JUDE,276,0,
1260,JUELZ,15,0,
1578,JULES,11,0,
16,JULIAN,1864,0,
459,JULIEN,70,0,
243,JULIO,195,0,
324,JULIUS,125,0,
1057,JULLIAN,20,0,
1131,JUN,18,0,
485,JUNIOR,65,0,
668,JUSTICE,41,0,
79,JUSTIN,695,0,
936,JUSTUS,24,0,
1024,KABIR,21,0,
554,KADE,54,0,
227,KADEN,211,0,
1334,KADIN,14,0,
802,KAEDEN,31,0,
1411,KAEL,13,0,
139,KAI,390,0,
276,KAIDEN,163,0,
1579,KAIDYN,11,0,
884,KAIN,26,0,
1496,KAINE,12,0,
885,KAINOA,26,0,
1412,KAISON,13,0,
1413,KAITO,13,0,
1691,KALANI,10,0,
1091,KALE,19,0,
190,KALEB,277,0,
1335,KALEL,14,0,
820,KALEO,30,0,
1261,KALVIN,15,0,
1161,KAMARI,17,0,
835,KAMDEN,29,0,
387,KAMERON,92,0,
1497,KAMRAN,12,0,
1498,KAMRON,12,0,
594,KANE,48,0,
1499,KANNON,12,0,
1580,KARAN,11,0,
659,KAREEM,42,0,
1025,KARIM,21,0,
1207,KARL,16,0,
1581,KARSEN,11,0,
748,KARSON,35,0,
682,KARTER,40,0,
1582,KARTHIK,11,0,
886,KASEN,26,0,
1262,KASEY,15,0,
474,KASH,67,0,
714,KASON,38,0,
1263,KAVIN,15,0,
186,KAYDEN,289,0,
1336,KAYLEB,14,0,
1583,KAYNE,11,0,
1208,KAYSEN,16,0,
836,KAYSON,29,0,
1337,KEAGAN,14,0,
1692,KEAN,10,0,
1584,KEANE,11,0,
803,KEANU,31,0,
726,KEATON,37,0,
537,KEEGAN,56,0,
1058,KEENAN,20,0,
475,KEITH,67,0,
1209,KEKOA,16,0,
436,KELLAN,76,0,
486,KELLEN,65,0,
602,KELVIN,47,0,
762,KEN,34,0,
1585,KENAN,11,0,
1338,KENDALL,14,0,
749,KENDRICK,35,0,
727,KENJI,37,0,
887,KENNEDY,26,0,
195,KENNETH,264,0,
545,KENNY,55,0,
1059,KENT,20,0,
1693,KENTON,10,0,
837,KENZO,29,0,
1586,KEON,11,0,
920,KEONI,25,0,
1414,KESHAV,13,0,
763,KEVEN,34,0,
40,KEVIN,1203,0,
1500,KEVYN,12,0,
1415,KEYON,13,0,
1587,KHAI,11,0,
1339,KHALID,14,0,
614,KHALIL,46,0,
1340,KHRISTIAN,14,0,
1501,KIAAN,12,0,
388,KIAN,92,0,
562,KIERAN,53,0,
1026,KILLIAN,21,0,
254,KING,181,0,
728,KINGSLEY,37,0,
256,KINGSTON,179,0,
1027,KIRAN,21,0,
1694,KIRK,10,0,
1416,KIYAN,13,0,
504,KNOX,61,0,
683,KOA,40,0,
580,KOBE,50,0,
615,KODY,46,0,
1060,KOEN,20,0,
1695,KOHEN,10,0,
1162,KOLBY,17,0,
1264,KOLE,15,0,
1163,KOLTEN,17,0,
888,KOLTON,26,0,
1092,KONNER,19,0,
986,KONNOR,22,0,
1210,KONRAD,16,0,
1502,KORBIN,12,0,
1588,KOREY,11,0,
1696,KORY,10,0,
1211,KRIS,16,0,
616,KRISH,46,0,
603,KRISTIAN,47,0,
1697,KRISTOFER,10,0,
479,KRISTOPHER,66,0,
1503,KURT,12,0,
1265,KURTIS,15,0,
1341,KYAN,14,0,
1589,KYE,11,0,
1590,KYLAN,11,0,
132,KYLE,406,0,
1698,KYLEN,10,0,
389,KYLER,92,0,
1164,KYMANI,17,0,
1591,KYRAN,11,0,
1699,KYREN,10,0,
1165,KYSON,17,0,
987,LACHLAN,22,0,
1132,LAITH,18,0,
1266,LAMAR,15,0,
530,LANCE,57,0,
378,LANDEN,98,0,
1417,LANDIN,13,0,
81,LANDON,683,0,
647,LANDYN,43,0,
648,LANE,43,0,
1212,LANGSTON,16,0,
422,LARRY,81,0,
1504,LARS,12,0,
492,LAWRENCE,64,0,
1213,LAWSON,16,0,
988,LAYNE,22,0,
1592,LAYTON,11,0,
1593,LAZARO,11,0,
1214,LAZARUS,16,0,
538,LEANDRO,56,0,
937,LEE,24,0,
838,LEGEND,29,0,
1267,LEIF,15,0,
1594,LEIGHTON,11,0,
438,LELAND,75,0,
750,LENNON,35,0,
989,LENNOX,22,0,
1061,LENNY,20,0,
119,LEO,465,0,
329,LEON,123,0,
595,LEONARD,48,0,
82,LEONARDO,683,0,
263,LEONEL,171,0,
617,LEONIDAS,46,0,
1700,LEOPOLD,10,0,
1595,LEOPOLDO,11,0,
1166,LEROY,17,0,
1505,LESTER,12,0,
1093,LEV,19,0,
87,LEVI,639,0,
1215,LEVON,16,0,
839,LEWIS,29,0,
1268,LEX,15,0,
24,LIAM,1651,0,
1418,LIAN,13,0,
201,LINCOLN,246,0,
1342,LINO,14,0,
889,LINUS,26,0,
454,LIONEL,72,0,
1596,LOCHLAN,11,0,
32,LOGAN,1401,0,
546,LONDON,55,0,
1028,LONG,21,0,
226,LORENZO,212,0,
635,LOUIE,44,0,
325,LOUIS,125,0,
1062,LUC,20,0,
207,LUCA,243,0,
41,LUCAS,1162,0,
581,LUCCA,50,0,
604,LUCIAN,47,0,
455,LUCIANO,72,0,
1167,LUCIEN,17,0,
855,LUCIO,28,0,
1063,LUCIUS,20,0,
1269,LUCKY,15,0,
42,LUIS,1150,0,
516,LUKA,59,0,
270,LUKAS,165,0,
56,LUKE,908,0,
1597,LYAM,11,0,
1216,LYLE,16,0,
1133,LYRIC,18,0,
1598,MAC,11,0,
1094,MACK,19,0,
596,MADDEN,48,0,
1270,MADDEX,15,0,
1343,MADDIX,14,0,
245,MADDOX,192,0,
964,MAGNUS,23,0,
921,MAISON,25,0,
524,MAJOR,58,0,
605,MAKAI,47,0,
1029,MAKAIO,21,0,
990,MAKSIM,22,0,
273,MALACHI,164,0,
460,MALAKAI,70,0,
1134,MALAKI,18,0,
498,MALCOLM,63,0,
1419,MALEK,13,0,
487,MALIK,65,0,
1701,MALIKAI,10,0,
1420,MANNY,13,0,
122,MANUEL,454,0,
432,MARC,78,0,
938,MARCEL,24,0,
939,MARCELINO,24,0,
856,MARCELLO,28,0,
582,MARCELO,50,0,
170,MARCO,314,0,
236,MARCOS,198,0,
154,MARCUS,344,0,
696,MARIANO,39,0,
156,MARIO,340,0,
167,MARK,317,0,
1135,MARKO,18,0,
715,MARKUS,38,0,
840,MARLEY,29,0,
525,MARLON,58,0,
1136,MARQUIS,18,0,
1599,MARS,11,0,
583,MARSHALL,50,0,
169,MARTIN,315,0,
399,MARVIN,90,0,
890,MASEN,26,0,
17,MASON,1862,0,
1217,MASSIMO,16,0,
62,MATEO,842,0,
1271,MATHEO,15,0,
280,MATHEW,161,0,
555,MATHIAS,54,0,
1421,MATHIEU,13,0,
369,MATIAS,101,0,
1422,MATIX,13,0,
891,MATT,26,0,
237,MATTEO,198,0,
5,MATTHEW,2664,0,
627,MATTHIAS,45,0,
1423,MATTHIEU,13,0,
922,MATTIAS,25,0,
649,MAURICE,43,0,
309,MAURICIO,132,0,
1424,MAURO,13,0,
357,MAVERICK,106,0,
105,MAX,527,0,
547,MAXIM,55,0,
328,MAXIMILIAN,124,0,
153,MAXIMILIANO,346,0,
821,MAXIMILLIAN,30,0,
1600,MAXIMINO,11,0,
597,MAXIMO,48,0,
182,MAXIMUS,298,0,
1095,MAXTON,19,0,
152,MAXWELL,350,0,
857,MAXX,28,0,
729,MAYSON,37,0,
892,MEKHI,26,0,
790,MELVIN,32,0,
1168,MEMPHIS,17,0,
1601,MENACHEM,11,0,
991,MERRICK,22,0,
660,MESSIAH,42,0,
134,MICAH,399,0,
1425,MICAIAH,13,0,
13,MICHAEL,2029,0,
1702,MICHAELANGELO,10,0,
841,MICHEAL,29,0,
1506,MICKEY,12,0,
70,MIGUEL,759,0,
1507,MIGUELANGEL,12,0,
1703,MIHIR,10,0,
822,MIKAEL,30,0,
1602,MIKAH,11,0,
517,MIKE,59,0,
1096,MIKEL,19,0,
1272,MIKEY,15,0,
1169,MIKHAIL,17,0,
940,MILAN,24,0,
151,MILES,354,0,
1426,MILLER,13,0,
301,MILO,139,0,
1170,MILTON,17,0,
1508,MINH,12,0,
480,MISAEL,66,0,
823,MITCHELL,30,0,
1603,MOHAMAD,11,0,
697,MOHAMED,39,0,
606,MOHAMMAD,47,0,
628,MOHAMMED,45,0,
233,MOISES,201,0,
1604,MONTE,11,0,
589,MORGAN,49,0,
390,MOSES,92,0,
526,MUHAMMAD,58,0,
1605,MUSA,11,0,
867,MUSTAFA,27,0,
1273,MYKEL,15,0,
300,MYLES,141,0,
1137,MYLO,18,0,
1704,MYRON,10,0,
1344,NAHUM,14,0,
992,NAREK,22,0,
669,NASH,41,0,
893,NASIR,26,0,
1274,NATE,15,0,
9,NATHAN,2274,0,
548,NATHANAEL,55,0,
69,NATHANIEL,765,0,
584,NATHEN,50,0,
1218,NAYTHAN,16,0,
1064,NEEL,20,0,
370,NEHEMIAH,101,0,
1219,NEHEMIAS,16,0,
481,NEIL,66,0,
482,NELSON,66,0,
1427,NEO,13,0,
1705,NERY,10,0,
764,NESTOR,34,0,
1706,NEVIN,10,0,
505,NEYMAR,61,0,
51,NICHOLAS,1015,0,
698,NICK,39,0,
415,NICKOLAS,84,0,
367,NICO,102,0,
1509,NICOLAI,12,0,
125,NICOLAS,438,0,
1510,NIGEL,12,0,
941,NIKHIL,24,0,
1428,NIKITA,13,0,
776,NIKKO,33,0,
493,NIKO,64,0,
1707,NIKOLA,10,0,
518,NIKOLAI,59,0,
426,NIKOLAS,80,0,
391,NIXON,92,0,
1097,NOA,19,0,
6,NOAH,2538,0,
1030,NOAM,21,0,
1429,NOBLE,13,0,
315,NOE,128,0,
281,NOEL,159,0,
133,NOLAN,402,0,
1171,NORMAN,17,0,
1220,NOVA,16,0,
1098,OBED,19,0,
618,OCTAVIO,46,0,
716,ODIN,38,0,
73,OLIVER,750,0,
128,OMAR,422,0,
965,OMARI,23,0,
1511,ONYX,12,0,
1345,OREN,14,0,
1512,ORI,12,0,
374,ORION,99,0,
340,ORLANDO,114,0,
1513,OSBALDO,12,0,
115,OSCAR,487,0,
1346,OSIRIS,14,0,
1031,OSKAR,21,0,
1172,OSMAR,17,0,
400,OSVALDO,90,0,
765,OSWALDO,34,0,
966,OTIS,23,0,
730,OTTO,37,0,
80,OWEN,687,0,
1221,OZIEL,16,0,
1430,OZZIE,13,0,
1431,OZZY,13,0,
198,PABLO,249,0,
993,PAOLO,22,0,
143,PARKER,384,0,
1708,PASHA,10,0,
1065,PATRICIO,20,0,
196,PATRICK,264,0,
202,PAUL,246,0,
1066,PAULO,20,0,
1709,PAVEL,10,0,
375,PAXTON,99,0,
824,PAYTON,30,0,
193,PEDRO,267,0,
1347,PERRY,14,0,
1348,PETE,14,0,
217,PETER,224,0,
376,PEYTON,99,0,
427,PHILIP,80,0,
363,PHILLIP,103,0,
1275,PHINEAS,15,0,
341,PHOENIX,114,0,
636,PIERCE,44,0,
1222,PIERRE,16,0,
1710,PIERSON,10,0,
684,PORTER,40,0,
777,PRANAV,33,0,
923,PRESLEY,25,0,
177,PRESTON,302,0,
410,PRINCE,85,0,
766,PRINCETON,34,0,
539,QUENTIN,56,0,
731,QUINCY,37,0,
392,QUINN,92,0,
1173,QUINTIN,17,0,
894,QUINTON,26,0,
1606,QUINTUS,11,0,
174,RAFAEL,310,0,
1349,RAGHAV,14,0,
463,RAIDEN,69,0,
1607,RAIN,11,0,
1711,RAJVEER,10,0,
1276,RALPH,15,0,
1223,RAMI,16,0,
457,RAMIRO,71,0,
292,RAMON,147,0,
895,RAMSES,26,0,
1350,RAMSEY,14,0,
1712,RANDALL,10,0,
331,RANDY,121,0,
1713,RANVEER,10,0,
540,RAPHAEL,56,0,
1138,RASHAD,18,0,
238,RAUL,198,0,
488,RAY,65,0,
670,RAYAN,41,0,
637,RAYDEN,44,0,
942,RAYLAN,24,0,
163,RAYMOND,329,0,
778,RAYMUNDO,33,0,
1224,RAYYAN,16,0,
1277,RAZIEL,15,0,
825,REAGAN,30,0,
650,REECE,43,0,
541,REED,56,0,
1432,REEF,13,0,
751,REESE,35,0,
1067,REGINALD,20,0,
1608,REHAN,11,0,
435,REID,77,0,
1514,REILLY,12,0,
1068,REMINGTON,20,0,
607,REMY,47,0,
1278,REN,15,0,
396,RENE,91,0,
1515,RENZO,12,0,
994,REUBEN,22,0,
556,REX,54,0,
527,REY,58,0,
924,REYANSH,25,0,
1279,REYES,15,0,
1433,REYLI,13,0,
995,REYNALDO,22,0,
699,RHETT,39,0,
439,RHYS,75,0,
1139,RIAN,18,0,
135,RICARDO,399,0,
110,RICHARD,492,0,
1069,RICHIE,20,0,
967,RICK,23,0,
343,RICKY,112,0,
968,RICO,23,0,
1714,RIGO,10,0,
671,RIGOBERTO,41,0,
210,RILEY,236,0,
1032,RIO,21,0,
1516,RISHAAN,12,0,
1099,RISHI,19,0,
404,RIVER,87,0,
1517,RIYAN,12,0,
1715,ROAN,10,0,
1225,ROBBIE,16,0,
64,ROBERT,811,0,
187,ROBERTO,289,0,
1100,ROBIN,19,0,
379,ROCCO,98,0,
717,ROCKY,38,0,
1609,RODERICK,11,0,
752,RODNEY,35,0,
528,RODOLFO,58,0,
267,RODRIGO,168,0,
401,ROGELIO,89,0,
440,ROGER,75,0,
448,ROHAN,73,0,
629,ROLAND,45,0,
661,ROLANDO,42,0,
107,ROMAN,497,0,
1351,ROME,14,0,
242,ROMEO,196,0,
1610,ROMMEL,11,0,
456,RONALD,72,0,
685,RONALDO,40,0,
411,RONAN,85,0,
570,RONIN,51,0,
590,RONNIE,49,0,
1101,RONNY,19,0,
630,RORY,45,0,
1716,ROSHAN,10,0,
1280,ROSS,15,0,
326,ROWAN,125,0,
1070,ROWEN,20,0,
470,ROY,68,0,
767,ROYAL,34,0,
406,ROYCE,86,0,
176,RUBEN,303,0,
402,RUDY,88,0,
458,RUSSELL,71,0,
29,RYAN,1489,0,
826,RYDEN,30,0,
101,RYDER,554,0,
386,RYKER,93,0,
295,RYLAN,144,0,
506,RYLAND,61,0,
1434,RYLEE,13,0,
1226,RYLEN,16,0,
700,RYU,39,0,
631,SAGE,45,0,
1281,SAHIB,15,0,
1435,SAHIL,13,0,
1140,SAI,18,0,
791,SAID,32,0,
1611,SAIF,11,0,
1141,SALOMON,18,0,
246,SALVADOR,192,0,
1518,SALVATORE,12,0,
444,SAM,74,0,
1717,SAMEER,10,0,
1436,SAMI,13,0,
842,SAMIR,29,0,
1033,SAMMY,21,0,
718,SAMSON,38,0,
36,SAMUEL,1303,0,
1034,SANTANA,21,0,
59,SANTIAGO,886,0,
423,SANTINO,81,0,
638,SANTOS,44,0,
1102,SARKIS,19,0,
229,SAUL,209,0,
258,SAWYER,176,0,
418,SCOTT,83,0,
1071,SEAMUS,20,0,
149,SEAN,359,0,
30,SEBASTIAN,1460,0,
1437,SEBASTIEN,13,0,
996,SEMAJ,22,0,
140,SERGIO,390,0,
251,SETH,186,0,
1174,SHAAN,17,0,
265,SHANE,170,0,
1612,SHANT,11,0,
619,SHAUN,46,0,
334,SHAWN,117,0,
1227,SHAYAN,16,0,
1438,SHAYNE,13,0,
1439,SHEA,13,0,
804,SHELDON,31,0,
1613,SHEPARD,11,0,
997,SHILOH,22,0,
1718,SHIVAM,10,0,
1719,SHREYAS,10,0,
792,SIDDHARTH,32,0,
896,SIDNEY,26,0,
252,SILAS,186,0,
1440,SILVESTRE,13,0,
288,SIMON,149,0,
1103,SINCERE,19,0,
1519,SIONE,12,0,
998,SIR,22,0,
1720,SIRE,10,0,
1035,SKY,21,0,
639,SKYLAR,44,0,
287,SKYLER,151,0,
1352,SLATER,14,0,
1353,SOHAM,14,0,
519,SOLOMON,59,0,
520,SONNY,59,0,
686,SOREN,40,0,
342,SPENCER,113,0,
672,STANLEY,41,0,
943,STEFAN,24,0,
1721,STEFANO,10,0,
1520,STELLAN,12,0,
1228,STEPHAN,16,0,
322,STEPHEN,126,0,
732,STERLING,37,0,
445,STEVE,74,0,
94,STEVEN,590,0,
701,SULLIVAN,39,0,
1104,SUNNY,19,0,
1722,SURYA,10,0,
1614,SUTTON,11,0,
1282,SYED,15,0,
687,SYLAS,40,0,
1175,SYRUS,17,0,
868,TADEO,27,0,
1723,TAI,10,0,
1072,TAJ,20,0,
1441,TALAN,13,0,
608,TALON,47,0,
268,TANNER,168,0,
673,TATE,41,0,
827,TATUM,30,0,
1724,TAVIN,10,0,
1615,TAYDEN,11,0,
382,TAYLOR,96,0,
1073,TEAGAN,20,0,
1725,TEDDY,10,0,
1521,TEJAS,12,0,
1142,TEO,18,0,
1616,TERENCE,11,0,
869,TERRANCE,27,0,
1036,TERRELL,21,0,
828,TERRENCE,30,0,
674,TERRY,41,0,
1354,TEVIN,14,0,
1355,TEVITA,14,0,
1176,THADDEUS,17,0,
1522,THATCHER,12,0,
620,THEO,46,0,
214,THEODORE,226,0,
1617,THERON,11,0,
702,THIAGO,39,0,
92,THOMAS,603,0,
1105,THOR,19,0,
1283,TIAGO,15,0,
1726,TIM,10,0,
184,TIMOTHY,291,0,
1442,TIMUR,13,0,
1037,TITAN,21,0,
433,TITUS,78,0,
598,TOBIAS,48,0,
1356,TOBIN,14,0,
779,TOBY,33,0,
1284,TODD,15,0,
999,TOM,22,0,
428,TOMAS,80,0,
531,TOMMY,57,0,
361,TONY,104,0,
1618,TORIN,11,0,
1285,TRACE,15,0,
231,TRAVIS,203,0,
507,TRENT,61,0,
499,TRENTON,63,0,
271,TREVOR,165,0,
621,TREY,46,0,
118,TRISTAN,468,0,
549,TRISTEN,55,0,
1443,TRISTIAN,13,0,
1286,TRISTIN,15,0,
1143,TRISTON,18,0,
241,TROY,197,0,
1287,TRUMAN,15,0,
1229,TRYSTAN,16,0,
407,TUCKER,86,0,
449,TY,73,0,
67,TYLER,772,0,
1357,TYREE,14,0,
1523,TYRELL,12,0,
925,TYRONE,25,0,
337,TYSON,115,0,
1727,ULICES,10,0,
332,ULISES,118,0,
1728,ULISSES,10,0,
688,ULYSSES,40,0,
489,URIAH,65,0,
298,URIEL,143,0,
703,URIJAH,39,0,
1074,UZIEL,20,0,
1619,VALEN,11,0,
529,VALENTIN,58,0,
450,VALENTINO,73,0,
805,VAN,31,0,
858,VANCE,28,0,
1288,VARUN,15,0,
675,VAUGHN,41,0,
944,VEER,24,0,
348,VICENTE,111,0,
84,VICTOR,654,0,
483,VIHAAN,66,0,
1358,VIKTOR,14,0,
768,VINCE,34,0,
86,VINCENT,647,0,
743,VINCENZO,36,0,
1620,VINH,11,0,
676,VIVAAN,41,0,
926,VLADIMIR,25,0,
806,WADE,31,0,
719,WALKER,38,0,
1729,WALLACE,10,0,
419,WALTER,82,0,
599,WARREN,48,0,
557,WAYLON,54,0,
969,WAYNE,23,0,
1444,WES,13,0,
200,WESLEY,247,0,
1289,WEST,15,0,
1144,WESTIN,18,0,
1106,WESTLEY,19,0,
278,WESTON,162,0,
1290,WILDER,15,0,
1730,WILEY,10,0,
859,WILL,28,0,
1731,WILLEM,10,0,
31,WILLIAM,1456,0,
1000,WILLIE,22,0,
1524,WILMER,12,0,
662,WILSON,42,0,
571,WINSTON,51,0,
1732,WOLFGANG,10,0,
75,WYATT,745,0,
286,XANDER,152,0,
508,XAVI,61,0,
61,XAVIER,845,0,
1038,XIAN,21,0,
512,XZAVIER,60,0,
1733,YADIEL,10,0,
566,YAEL,52,0,
1039,YAHEL,21,0,
353,YAHIR,108,0,
1291,YAHYA,15,0,
744,YAIR,36,0,
1001,YANDEL,22,0,
1621,YANNICK,11,0,
1525,YASEEN,12,0,
1145,YASH,18,0,
1292,YERIK,15,0,
870,YESHUA,27,0,
1734,YOEL,10,0,
1445,YOHAN,13,0,
970,YOSEF,23,0,
720,YOUSEF,38,0,
1359,YOUSSEF,14,0,
1735,YOUSUF,10,0,
1293,YOVANI,15,0,
663,YUSUF,42,0,
1230,YUVRAJ,16,0,
1446,ZAC,13,0,
1526,ZACH,12,0,
471,ZACHARIAH,68,0,
85,ZACHARY,651,0,
871,ZACK,27,0,
464,ZACKARY,69,0,
1360,ZACKERY,14,0,
1527,ZADEN,12,0,
1528,ZAHIR,12,0,
745,ZAID,36,0,
640,ZAIDEN,44,0,
780,ZAIN,33,0,
1040,ZAIRE,21,0,
1447,ZAKAI,13,0,
1361,ZAKARY,14,0,
338,ZANDER,115,0,
319,ZANE,127,0,
1146,ZAVIER,18,0,
1622,ZAYAN,11,0,
1107,ZAYD,19,0,
358,ZAYDEN,106,0,
1294,ZAYN,15,0,
829,ZAYNE,30,0,
641,ZECHARIAH,44,0,
1041,ZEKE,21,0,
1362,ZEPHANIAH,14,0,
1363,ZEPHYR,14,0,
945,ZEUS,24,0,
1623,ZEV,11,0,
323,ZION,126,0,
1448,ZURIEL,13,0,
